layer,pick,grid_pick,start_ppl,full_ppl,grid_ppl,full_gain,grid_gain,shortfall,full_cumulative,grid_cumulative
1,min-7,max+1,4.437332534115177,4.428192344854958,4.428257274775583,0.009140189260218534,0.009075259339593522,6.492992062501202e-05,0.009140189260218534,0.009075259339593522
2,min-1,max+3,4.428192344854958,4.418335112531843,4.422926691204394,0.00985723232311475,0.005265653650564417,0.004591578672550334,0.018997421583333285,0.014340912990157939
3,max+1,max+1,4.418335112531843,4.40285972250174,4.40285972250174,0.015475390030103675,0.015475390030103675,0.0,0.03447281161343696,0.029816303020261614
4,min-7,max+3,4.40285972250174,4.373978296383052,4.375261696410078,0.028881426118688047,0.02759802609166151,0.0012834000270265378,0.06335423773212501,0.057414329111923124
5,min-6,max+3,4.373978296383052,4.371756052553853,4.372501887445757,0.0022222438291983337,0.0014764089372949485,0.0007458348919033853,0.06557648156132334,0.05889073804921807
6,max+2,max+2,4.371756052553853,4.371756052553853,4.371756052553853,0.0,0.0,0.0,0.06557648156132334,0.05889073804921807
7,max+1,max+1,4.371756052553853,4.303657084736879,4.303657084736879,0.06809896781697411,0.06809896781697411,0.0,0.13367544937829745,0.12698970586619218
8,max+1,max+1,4.303657084736879,4.260054403283081,4.260054403283081,0.0436026814537982,0.0436026814537982,0.0,0.17727813083209565,0.17059238731999038
9,max+2,max+2,4.260054403283081,4.260054403283081,4.260054403283081,0.0,0.0,0.0,0.17727813083209565,0.17059238731999038
10,max+2,max+2,4.260054403283081,4.260054403283081,4.260054403283081,0.0,0.0,0.0,0.17727813083209565,0.17059238731999038
11,max+1,max+1,4.260054403283081,4.2527620034313856,4.2527620034313856,0.007292399851695386,0.007292399851695386,0.0,0.18457053068379103,0.17788478717168577
12,max+2,max+2,4.2527620034313856,4.2527620034313856,4.2527620034313856,0.0,0.0,0.0,0.18457053068379103,0.17788478717168577
13,max+2,max+2,4.2527620034313856,4.2527620034313856,4.2527620034313856,0.0,0.0,0.0,0.18457053068379103,0.17788478717168577
14,min-4,max+3,4.2527620034313856,4.252440597397967,4.252553644384774,0.00032140603341890284,0.0002083590466117613,0.00011304698680714154,0.18489193671720994,0.17809314621829753
15,max+2,max+2,4.252440597397967,4.252440597397967,4.252440597397967,0.0,0.0,0.0,0.18489193671720994,0.17809314621829753
16,max+2,max+2,4.252440597397967,4.252440597397967,4.252440597397967,0.0,0.0,0.0,0.18489193671720994,0.17809314621829753
17,max+2,max+2,4.252440597397967,4.252440597397967,4.252440597397967,0.0,0.0,0.0,0.18489193671720994,0.17809314621829753
18,max+3,max+3,4.252440597397967,4.251095416863032,4.251095416863032,0.001345180534934265,0.001345180534934265,0.0,0.1862371172521442,0.1794383267532318
19,max+4,max+3,4.251095416863032,4.250567395250934,4.250698127698127,0.000528021612097973,0.0003972891649057786,0.00013073244719219446,0.18676513886424218,0.17983561591813757
20,max+2,max+2,4.250567395250934,4.250567395250934,4.250567395250934,0.0,0.0,0.0,0.18676513886424218,0.17983561591813757
21,max+4,max+2,4.250567395250934,4.25054408678735,4.250567395250934,2.3308463584115202e-05,0.0,2.3308463584115202e-05,0.1867884473278263,0.17983561591813757
22,max+2,max+2,4.25054408678735,4.25054408678735,4.25054408678735,0.0,0.0,0.0,0.1867884473278263,0.17983561591813757
23,min-2,max+3,4.25054408678735,4.249864143951703,4.250354076906638,0.0006799428356476511,0.00019000988071216085,0.0004899329549354903,0.18746839016347394,0.18002562579884973
24,max+4,max+3,4.249864143951703,4.2493651493125295,4.249530798903899,0.0004989946391731337,0.0003333450478040234,0.00016564959136911028,0.18796738480264708,0.18035897084665375
25,max+4,max+2,4.2493651493125295,4.24928713920332,4.2493651493125295,7.801010920971407e-05,0.0,7.801010920971407e-05,0.1880453949118568,0.18035897084665375
26,min-6,max+3,4.24928713920332,4.248647409029128,4.248831264607911,0.0006397301741918326,0.00045587459540907815,0.0001838555787827545,0.18868512508604862,0.18081484544206283
27,min-6,max+3,4.248647409029128,4.2483253010798085,4.248348090933777,0.0003221079493194168,0.00029931809535099774,2.2789853968419038e-05,0.18900723303536804,0.18111416353741383
28,min-1,max+3,4.2483253010798085,4.247656853083409,4.247946500967577,0.0006684479963992018,0.00037880011223112575,0.0002896478841680761,0.18967568103176724,0.18149296364964496
29,max+2,max+2,4.247656853083409,4.247656853083409,4.247656853083409,0.0,0.0,0.0,0.18967568103176724,0.18149296364964496
30,max+3,max+3,4.247656853083409,4.247057364967057,4.247057364967057,0.0005994881163520205,0.0005994881163520205,0.0,0.19027516914811926,0.18209245176599698
31,max+5,max+3,4.247057364967057,4.246245861733686,4.2462797767299385,0.0008115032333710914,0.0007775882371188203,3.3914996252271123e-05,0.19108667238149035,0.1828700400031158
32,max+2,max+2,4.246245861733686,4.246245861733686,4.246245861733686,0.0,0.0,0.0,0.19108667238149035,0.1828700400031158
