pipeline,layer,ppl,step,cumulative_evals,cumulative_compute_s,side,anchor,accepted,stop_reason
newest,0,4.731203917968714,0.0,1,74.09488159324974,,,False,
newest,1,4.731203917968714,0.0,3,126.40305500943214,max,2.0,False,exhausted
newest,2,4.718313445259485,0.012890472709229606,5,178.82184823974967,max,3.0,True,exhausted
newest,3,4.560262863556664,0.15805058170282038,7,231.13063262868673,max,1.0,True,exhausted
newest,4,4.527872883714766,0.03238997984189851,9,283.39332610554993,max,3.0,True,exhausted
newest,5,4.527872883714766,0.0,11,335.67768957139924,max,2.0,False,exhausted
newest,6,4.527872883714766,0.0,13,387.9114823783748,max,2.0,False,exhausted
newest,7,4.527872883714766,0.0,15,440.18475784547627,max,2.0,False,exhausted
newest,8,4.485253593749603,0.04261928996516229,17,492.43832109030336,max,1.0,True,exhausted
newest,9,4.485253593749603,0.0,19,544.7205981872976,max,2.0,False,exhausted
newest,10,4.485253593749603,0.0,21,596.9784214203246,max,2.0,False,exhausted
newest,11,4.478497742644783,0.006755851104820465,23,649.2421429171227,max,1.0,True,exhausted
newest,12,4.478497742644783,0.0,25,701.4809872349724,max,2.0,False,exhausted
newest,13,4.478497742644783,0.0,27,753.7338259988464,max,2.0,False,exhausted
newest,14,4.478497742644783,0.0,29,805.9859473565593,max,2.0,False,exhausted
newest,15,4.478497742644783,0.0,31,858.2769886986353,max,2.0,False,exhausted
newest,16,4.478497742644783,0.0,33,910.4828628785908,max,2.0,False,exhausted
newest,17,4.478497742644783,0.0,35,962.7652521263808,max,2.0,False,exhausted
newest,18,4.476033903848766,0.0024638387960171926,37,1015.1431815144606,max,3.0,True,exhausted
newest,19,4.476033903848766,0.0,39,1067.3947914172895,max,2.0,False,exhausted
newest,20,4.476033903848766,0.0,41,1119.6461190041155,max,2.0,False,exhausted
newest,21,4.476033903848766,0.0,43,1171.8854636359029,max,2.0,False,exhausted
newest,22,4.476033903848766,0.0,45,1224.1374126188457,max,2.0,False,exhausted
newest,23,4.476033903848766,0.0,47,1276.388918616809,max,2.0,False,exhausted
newest,24,4.47485136932739,0.0011825345213756222,49,1328.689911046531,max,3.0,True,exhausted
newest,25,4.47485136932739,0.0,51,1380.925180125516,max,2.0,False,exhausted
newest,26,4.47485136932739,0.0,53,1433.112347454764,max,2.0,False,exhausted
newest,27,4.47485136932739,0.0,55,1485.340708584059,max,2.0,False,exhausted
newest,28,4.47485136932739,0.0,57,1537.528378568124,max,2.0,False,exhausted
newest,29,4.47485136932739,0.0,59,1589.7101663099602,max,2.0,False,exhausted
newest,30,4.473948873349555,0.0009024959778347608,61,1641.8815611908212,max,3.0,True,exhausted
newest,31,4.473948873349555,0.0,63,1694.070075376425,max,2.0,False,exhausted
newest,32,4.473948873349555,0.0,64,1720.1307915542275,max,2.0,False,time_exhausted
newton,0,4.437332534115177,0.0,0,0.0,,,False,
newton,1,4.428192344854958,0.009140189260218534,16,257.0,min,-7.0,True,
newton,2,4.418335112531843,0.00985723232311475,32,463.0,min,-1.0,True,
newton,3,4.40285972250174,0.015475390030103675,48,669.0,max,1.0,True,
newton,4,4.373978296383052,0.028881426118688047,64,888.0,min,-7.0,True,
newton,5,4.371756052553853,0.0022222438291983337,80,1096.0,min,-6.0,True,
newton,6,4.371756052553853,0.0,96,1302.0,max,2.0,False,
newton,7,4.303657084736879,0.06809896781697411,112,1507.0,max,1.0,True,
newton,8,4.260054403283081,0.0436026814537982,128,1713.0,max,1.0,True,
newton,9,4.260054403283081,0.0,144,1935.0,max,2.0,False,
newton,10,4.260054403283081,0.0,160,2141.0,max,2.0,False,
newton,11,4.2527620034313856,0.007292399851695386,176,2364.0,max,1.0,True,
newton,12,4.2527620034313856,0.0,192,2601.0,max,2.0,False,
newton,13,4.2527620034313856,0.0,208,2807.0,max,2.0,False,
newton,14,4.252440597397967,0.00032140603341890284,224,3013.0,min,-4.0,True,
newton,15,4.252440597397967,0.0,240,3217.0,max,2.0,False,
newton,16,4.252440597397967,0.0,256,3422.0,max,2.0,False,
newton,17,4.252440597397967,0.0,272,3627.0,max,2.0,False,
newton,18,4.251095416863032,0.001345180534934265,288,3832.0,max,3.0,True,
newton,19,4.250567395250934,0.000528021612097973,304,4080.0,max,4.0,True,
newton,20,4.250567395250934,0.0,320,4285.0,max,2.0,False,
newton,21,4.25054408678735,2.3308463584115202e-05,336,4490.0,max,4.0,True,
newton,22,4.25054408678735,0.0,352,4733.0,max,2.0,False,
newton,23,4.249864143951703,0.0006799428356476511,368,4939.0,min,-2.0,True,
newton,24,4.2493651493125295,0.0004989946391731337,384,5145.0,max,4.0,True,
newton,25,4.24928713920332,7.801010920971407e-05,400,5404.0,max,4.0,True,
newton,26,4.248647409029128,0.0006397301741918326,416,5643.0,min,-6.0,True,
newton,27,4.2483253010798085,0.0003221079493194168,432,5849.0,min,-6.0,True,
newton,28,4.247656853083409,0.0006684479963992018,448,6055.0,min,-1.0,True,
newton,29,4.247656853083409,0.0,464,6311.0,max,2.0,False,
newton,30,4.247057364967057,0.0005994881163520205,480,6550.0,max,3.0,True,
newton,31,4.246245861733686,0.0008115032333710914,496,6771.0,max,5.0,True,
newton,32,4.246245861733686,0.0,512,7017.0,max,2.0,False,
