model,value,function_name,attn_fn,ffn_fn,lut_build,config_layer,attn_exp_dim,attn_window_dim,attn_window_size,attn_mant_dim,attn_layer_0_max_min_exp,attn_layer_1_max_min_exp,attn_layer_2_max_min_exp,attn_layer_3_max_min_exp,attn_layer_4_max_min_exp,attn_layer_5_max_min_exp,attn_layer_6_max_min_exp,attn_layer_7_max_min_exp,attn_layer_8_max_min_exp,attn_layer_9_max_min_exp,attn_layer_10_max_min_exp,attn_layer_11_max_min_exp,attn_layer_12_max_min_exp,attn_layer_13_max_min_exp,attn_layer_14_max_min_exp
NousResearch/Llama-2-7b-hf,4.283504142472153,vlp,VLPSoftmax,torch,max,14.0,8.0,16.0,32.0,16.0,-7.0,-1.0,1.0,-7.0,-6.0,2.0,1.0,1.0,2.0,2.0,1.0,2.0,2.0,-4.0,0
NousResearch/Llama-2-7b-hf,4.255167743313547,vlp,VLPSoftmax,torch,max,14.0,8.0,16.0,32.0,16.0,-7.0,-1.0,1.0,-7.0,-6.0,2.0,1.0,1.0,2.0,2.0,1.0,2.0,2.0,-4.0,1
NousResearch/Llama-2-7b-hf,4.252440597397967,vlp,VLPSoftmax,torch,max,14.0,8.0,16.0,32.0,16.0,-7.0,-1.0,1.0,-7.0,-6.0,2.0,1.0,1.0,2.0,2.0,1.0,2.0,2.0,-4.0,2
NousResearch/Llama-2-7b-hf,4.254055477344234,vlp,VLPSoftmax,torch,max,14.0,8.0,16.0,32.0,16.0,-7.0,-1.0,1.0,-7.0,-6.0,2.0,1.0,1.0,2.0,2.0,1.0,2.0,2.0,-4.0,3
NousResearch/Llama-2-7b-hf,4.254321218059912,vlp,VLPSoftmax,torch,max,14.0,8.0,16.0,32.0,16.0,-7.0,-1.0,1.0,-7.0,-6.0,2.0,1.0,1.0,2.0,2.0,1.0,2.0,2.0,-4.0,4
NousResearch/Llama-2-7b-hf,4.254308032060489,vlp,VLPSoftmax,torch,max,14.0,8.0,16.0,32.0,16.0,-7.0,-1.0,1.0,-7.0,-6.0,2.0,1.0,1.0,2.0,2.0,1.0,2.0,2.0,-4.0,5
NousResearch/Llama-2-7b-hf,4.254308032060489,vlp,VLPSoftmax,torch,max,14.0,8.0,16.0,32.0,16.0,-7.0,-1.0,1.0,-7.0,-6.0,2.0,1.0,1.0,2.0,2.0,1.0,2.0,2.0,-4.0,6
NousResearch/Llama-2-7b-hf,4.254308032060489,vlp,VLPSoftmax,torch,max,14.0,8.0,16.0,32.0,16.0,-7.0,-1.0,1.0,-7.0,-6.0,2.0,1.0,1.0,2.0,2.0,1.0,2.0,2.0,-4.0,7
NousResearch/Llama-2-7b-hf,4.254724425080745,vlp,VLPSoftmax,torch,min,14.0,8.0,16.0,32.0,16.0,-7.0,-1.0,1.0,-7.0,-6.0,2.0,1.0,1.0,2.0,2.0,1.0,2.0,2.0,-4.0,-7
NousResearch/Llama-2-7b-hf,4.254596104738808,vlp,VLPSoftmax,torch,min,14.0,8.0,16.0,32.0,16.0,-7.0,-1.0,1.0,-7.0,-6.0,2.0,1.0,1.0,2.0,2.0,1.0,2.0,2.0,-4.0,-6
NousResearch/Llama-2-7b-hf,4.254111768362019,vlp,VLPSoftmax,torch,min,14.0,8.0,16.0,32.0,16.0,-7.0,-1.0,1.0,-7.0,-6.0,2.0,1.0,1.0,2.0,2.0,1.0,2.0,2.0,-4.0,-5
NousResearch/Llama-2-7b-hf,4.254413521200224,vlp,VLPSoftmax,torch,min,14.0,8.0,16.0,32.0,16.0,-7.0,-1.0,1.0,-7.0,-6.0,2.0,1.0,1.0,2.0,2.0,1.0,2.0,2.0,-4.0,-4
NousResearch/Llama-2-7b-hf,4.254067648311992,vlp,VLPSoftmax,torch,min,14.0,8.0,16.0,32.0,16.0,-7.0,-1.0,1.0,-7.0,-6.0,2.0,1.0,1.0,2.0,2.0,1.0,2.0,2.0,-4.0,-3
NousResearch/Llama-2-7b-hf,4.254741162801974,vlp,VLPSoftmax,torch,min,14.0,8.0,16.0,32.0,16.0,-7.0,-1.0,1.0,-7.0,-6.0,2.0,1.0,1.0,2.0,2.0,1.0,2.0,2.0,-4.0,-2
NousResearch/Llama-2-7b-hf,4.256315310022469,vlp,VLPSoftmax,torch,min,14.0,8.0,16.0,32.0,16.0,-7.0,-1.0,1.0,-7.0,-6.0,2.0,1.0,1.0,2.0,2.0,1.0,2.0,2.0,-4.0,-1
NousResearch/Llama-2-7b-hf,4.259722797937498,vlp,VLPSoftmax,torch,min,14.0,8.0,16.0,32.0,16.0,-7.0,-1.0,1.0,-7.0,-6.0,2.0,1.0,1.0,2.0,2.0,1.0,2.0,2.0,-4.0,0
,4.252440597397967,,,,,,,,,,,,,,,,,,,,,,,,2
