model,modality,value,function_name,patch_attention,patch_ffn,attn_fn,ffn_fn,ffn_exp_dim,ffn_max_pos_exp,ffn_min_pos_exp,ffn_window_size,ffn_lut_build
NousResearch/Llama-2-7b-hf,nlp,3.896045661273612,vlp,False,True,CustomSoftmax,VLPSilu,10,4,-8,256,min
NousResearch/Llama-2-7b-hf,nlp,3.896045661273612,vlp,False,True,CustomSoftmax,VLPSilu,10,4,-7,256,min
NousResearch/Llama-2-7b-hf,nlp,3.896045661273612,vlp,False,True,CustomSoftmax,VLPSilu,10,4,-6,256,min
NousResearch/Llama-2-7b-hf,nlp,3.896045661273612,vlp,False,True,CustomSoftmax,VLPSilu,10,4,-5,256,min
NousResearch/Llama-2-7b-hf,nlp,3.896045661273612,vlp,False,True,CustomSoftmax,VLPSilu,10,4,-4,256,min
NousResearch/Llama-2-7b-hf,nlp,3.896045661273612,vlp,False,True,CustomSoftmax,VLPSilu,10,4,-3,256,min
NousResearch/Llama-2-7b-hf,nlp,3.896045661273612,vlp,False,True,CustomSoftmax,VLPSilu,10,4,-2,256,min
NousResearch/Llama-2-7b-hf,nlp,3.896045661273612,vlp,False,True,CustomSoftmax,VLPSilu,10,4,-1,256,min
NousResearch/Llama-2-7b-hf,nlp,3.896045661273612,vlp,False,True,CustomSoftmax,VLPSilu,10,4,0,256,min
NousResearch/Llama-2-7b-hf,nlp,3.896045661273612,vlp,False,True,CustomSoftmax,VLPSilu,10,4,1,256,min
NousResearch/Llama-2-7b-hf,nlp,3.896045661273612,vlp,False,True,CustomSoftmax,VLPSilu,10,4,2,256,min
NousResearch/Llama-2-7b-hf,nlp,3.896045661273612,vlp,False,True,CustomSoftmax,VLPSilu,11,4,-8,256,min
NousResearch/Llama-2-7b-hf,nlp,3.896045661273612,vlp,False,True,CustomSoftmax,VLPSilu,11,4,-7,256,min
NousResearch/Llama-2-7b-hf,nlp,3.896045661273612,vlp,False,True,CustomSoftmax,VLPSilu,11,4,-6,256,min
NousResearch/Llama-2-7b-hf,nlp,3.896045661273612,vlp,False,True,CustomSoftmax,VLPSilu,11,4,-5,256,min
NousResearch/Llama-2-7b-hf,nlp,3.896045661273612,vlp,False,True,CustomSoftmax,VLPSilu,11,4,-4,256,min
NousResearch/Llama-2-7b-hf,nlp,3.896045661273612,vlp,False,True,CustomSoftmax,VLPSilu,11,4,-3,256,min
NousResearch/Llama-2-7b-hf,nlp,3.896045661273612,vlp,False,True,CustomSoftmax,VLPSilu,11,4,-2,256,min
NousResearch/Llama-2-7b-hf,nlp,3.896045661273612,vlp,False,True,CustomSoftmax,VLPSilu,11,4,-1,256,min
NousResearch/Llama-2-7b-hf,nlp,3.896045661273612,vlp,False,True,CustomSoftmax,VLPSilu,11,4,0,256,min
NousResearch/Llama-2-7b-hf,nlp,3.896045661273612,vlp,False,True,CustomSoftmax,VLPSilu,11,4,1,256,min
NousResearch/Llama-2-7b-hf,nlp,3.896045661273612,vlp,False,True,CustomSoftmax,VLPSilu,11,4,2,256,min
NousResearch/Llama-2-7b-hf,nlp,3.896045661273612,vlp,False,True,CustomSoftmax,VLPSilu,12,4,-8,256,min
NousResearch/Llama-2-7b-hf,nlp,3.896045661273612,vlp,False,True,CustomSoftmax,VLPSilu,12,4,-7,256,min
NousResearch/Llama-2-7b-hf,nlp,3.896045661273612,vlp,False,True,CustomSoftmax,VLPSilu,12,4,-6,256,min
NousResearch/Llama-2-7b-hf,nlp,3.896045661273612,vlp,False,True,CustomSoftmax,VLPSilu,12,4,-5,256,min
NousResearch/Llama-2-7b-hf,nlp,3.896045661273612,vlp,False,True,CustomSoftmax,VLPSilu,12,4,-4,256,min
NousResearch/Llama-2-7b-hf,nlp,3.896045661273612,vlp,False,True,CustomSoftmax,VLPSilu,12,4,-3,256,min
NousResearch/Llama-2-7b-hf,nlp,3.896045661273612,vlp,False,True,CustomSoftmax,VLPSilu,12,4,-2,256,min
NousResearch/Llama-2-7b-hf,nlp,3.896045661273612,vlp,False,True,CustomSoftmax,VLPSilu,12,4,-1,256,min
NousResearch/Llama-2-7b-hf,nlp,3.896045661273612,vlp,False,True,CustomSoftmax,VLPSilu,12,4,0,256,min
NousResearch/Llama-2-7b-hf,nlp,3.896045661273612,vlp,False,True,CustomSoftmax,VLPSilu,12,4,1,256,min
NousResearch/Llama-2-7b-hf,nlp,3.896045661273612,vlp,False,True,CustomSoftmax,VLPSilu,12,4,2,256,min
