model,modality,value,function_name,patch_attention,patch_ffn,attn_fn,ffn_fn,attn_segments,attn_segment_0
weights/llama-2-7b-hf,nlp,3.895699200832064,pwl,True,False,PWLSoftmax,CustomSilu,20,-16
weights/llama-2-7b-hf,nlp,3.896040087939574,pwl,True,False,PWLSoftmax,CustomSilu,20,-17
weights/llama-2-7b-hf,nlp,3.8959704219367968,pwl,True,False,PWLSoftmax,CustomSilu,20,-18
weights/llama-2-7b-hf,nlp,3.8964627550602797,pwl,True,False,PWLSoftmax,CustomSilu,20,-19
weights/llama-2-7b-hf,nlp,3.895938840425905,pwl,True,False,PWLSoftmax,CustomSilu,20,-20
weights/llama-2-7b-hf,nlp,3.900128876235929,pwl,True,False,PWLSoftmax,CustomSilu,20,-21
weights/llama-2-7b-hf,nlp,3.8976213767101084,pwl,True,False,PWLSoftmax,CustomSilu,20,-22
weights/llama-2-7b-hf,nlp,3.89979274518005,pwl,True,False,PWLSoftmax,CustomSilu,20,-23
weights/llama-2-7b-hf,nlp,3.897658082864294,pwl,True,False,PWLSoftmax,CustomSilu,20,-24
weights/llama-2-7b-hf,nlp,3.8952831174872125,pwl,True,False,PWLSoftmax,CustomSilu,21,-16
weights/llama-2-7b-hf,nlp,3.8966801445768766,pwl,True,False,PWLSoftmax,CustomSilu,21,-17
weights/llama-2-7b-hf,nlp,3.8960024681433554,pwl,True,False,PWLSoftmax,CustomSilu,21,-18
weights/llama-2-7b-hf,nlp,3.8958013709493047,pwl,True,False,PWLSoftmax,CustomSilu,21,-19
weights/llama-2-7b-hf,nlp,3.8975405314630795,pwl,True,False,PWLSoftmax,CustomSilu,21,-20
weights/llama-2-7b-hf,nlp,3.8960698124799045,pwl,True,False,PWLSoftmax,CustomSilu,21,-21
weights/llama-2-7b-hf,nlp,3.8960261546393604,pwl,True,False,PWLSoftmax,CustomSilu,21,-22
weights/llama-2-7b-hf,nlp,3.897900630951372,pwl,True,False,PWLSoftmax,CustomSilu,21,-23
weights/llama-2-7b-hf,nlp,3.9009202700882524,pwl,True,False,PWLSoftmax,CustomSilu,21,-24
weights/llama-2-7b-hf,nlp,3.895516694518364,pwl,True,False,PWLSoftmax,CustomSilu,22,-16
weights/llama-2-7b-hf,nlp,3.8951057383235654,pwl,True,False,PWLSoftmax,CustomSilu,22,-17
weights/llama-2-7b-hf,nlp,3.8967066223337175,pwl,True,False,PWLSoftmax,CustomSilu,22,-18
weights/llama-2-7b-hf,nlp,3.8959267652099845,pwl,True,False,PWLSoftmax,CustomSilu,22,-19
weights/llama-2-7b-hf,nlp,3.8956053924476595,pwl,True,False,PWLSoftmax,CustomSilu,22,-20
weights/llama-2-7b-hf,nlp,3.8966239380051797,pwl,True,False,PWLSoftmax,CustomSilu,22,-21
weights/llama-2-7b-hf,nlp,3.896159451919962,pwl,True,False,PWLSoftmax,CustomSilu,22,-22
weights/llama-2-7b-hf,nlp,3.896614647740829,pwl,True,False,PWLSoftmax,CustomSilu,22,-23
weights/llama-2-7b-hf,nlp,3.896044732384052,pwl,True,False,PWLSoftmax,CustomSilu,22,-24
