model,modality,value,function_name,patch_attention,patch_ffn,attn_fn,ffn_fn,attn_exp_dim,attn_max_exp,attn_min_exp,attn_window_size,attn_lut_build,ffn_exp_dim,ffn_max_pos_exp,ffn_min_pos_exp,ffn_window_size,ffn_lut_build,attn_segments,attn_segment_0,ffn_segments,ffn_segment_0
NousResearch/Llama-2-7b-hf,nlp,3.896045661273612,vlp,True,False,VLPSoftmax,CustomSilu,8.0,-2.0,4.0,256.0,max,,,,,,,,,
NousResearch/Llama-2-7b-hf,nlp,3.896045661273612,vlp,True,False,VLPSoftmax,CustomSilu,8.0,-1.0,4.0,256.0,max,,,,,,,,,
NousResearch/Llama-2-7b-hf,nlp,3.896045661273612,vlp,True,False,VLPSoftmax,CustomSilu,8.0,0.0,4.0,256.0,max,,,,,,,,,
NousResearch/Llama-2-7b-hf,nlp,3.896045661273612,vlp,True,False,VLPSoftmax,CustomSilu,8.0,1.0,4.0,256.0,max,,,,,,,,,
NousResearch/Llama-2-7b-hf,nlp,3.896045661273612,vlp,True,False,VLPSoftmax,CustomSilu,8.0,2.0,4.0,256.0,max,,,,,,,,,
NousResearch/Llama-2-7b-hf,nlp,3.896045661273612,vlp,True,False,VLPSoftmax,CustomSilu,8.0,3.0,4.0,256.0,max,,,,,,,,,
NousResearch/Llama-2-7b-hf,nlp,3.896045661273612,vlp,True,False,VLPSoftmax,CustomSilu,8.0,4.0,4.0,256.0,max,,,,,,,,,
NousResearch/Llama-2-7b-hf,nlp,3.896045661273612,vlp,True,False,VLPSoftmax,CustomSilu,9.0,-2.0,4.0,256.0,max,,,,,,,,,
NousResearch/Llama-2-7b-hf,nlp,3.896045661273612,vlp,True,False,VLPSoftmax,CustomSilu,9.0,-1.0,4.0,256.0,max,,,,,,,,,
NousResearch/Llama-2-7b-hf,nlp,3.896045661273612,vlp,True,False,VLPSoftmax,CustomSilu,9.0,0.0,4.0,256.0,max,,,,,,,,,
NousResearch/Llama-2-7b-hf,nlp,3.896045661273612,vlp,True,False,VLPSoftmax,CustomSilu,9.0,1.0,4.0,256.0,max,,,,,,,,,
NousResearch/Llama-2-7b-hf,nlp,3.896045661273612,vlp,True,False,VLPSoftmax,CustomSilu,9.0,2.0,4.0,256.0,max,,,,,,,,,
NousResearch/Llama-2-7b-hf,nlp,3.896045661273612,vlp,True,False,VLPSoftmax,CustomSilu,9.0,3.0,4.0,256.0,max,,,,,,,,,
NousResearch/Llama-2-7b-hf,nlp,3.896045661273612,vlp,True,False,VLPSoftmax,CustomSilu,9.0,4.0,4.0,256.0,max,,,,,,,,,
NousResearch/Llama-2-7b-hf,nlp,3.896045661273612,vlp,True,False,VLPSoftmax,CustomSilu,10.0,-2.0,4.0,256.0,max,,,,,,,,,
NousResearch/Llama-2-7b-hf,nlp,3.896045661273612,vlp,True,False,VLPSoftmax,CustomSilu,10.0,-1.0,4.0,256.0,max,,,,,,,,,
NousResearch/Llama-2-7b-hf,nlp,3.896045661273612,vlp,True,False,VLPSoftmax,CustomSilu,10.0,0.0,4.0,256.0,max,,,,,,,,,
NousResearch/Llama-2-7b-hf,nlp,3.896045661273612,vlp,True,False,VLPSoftmax,CustomSilu,10.0,1.0,4.0,256.0,max,,,,,,,,,
NousResearch/Llama-2-7b-hf,nlp,3.896045661273612,vlp,True,False,VLPSoftmax,CustomSilu,10.0,2.0,4.0,256.0,max,,,,,,,,,
NousResearch/Llama-2-7b-hf,nlp,3.896045661273612,vlp,True,False,VLPSoftmax,CustomSilu,10.0,3.0,4.0,256.0,max,,,,,,,,,
NousResearch/Llama-2-7b-hf,nlp,3.896045661273612,vlp,True,False,VLPSoftmax,CustomSilu,10.0,4.0,4.0,256.0,max,,,,,,,,,
NousResearch/Llama-2-7b-hf,nlp,3.896045661273612,vlp,True,False,VLPSoftmax,CustomSilu,11.0,-2.0,4.0,256.0,max,,,,,,,,,
NousResearch/Llama-2-7b-hf,nlp,3.896045661273612,vlp,True,False,VLPSoftmax,CustomSilu,11.0,-1.0,4.0,256.0,max,,,,,,,,,
NousResearch/Llama-2-7b-hf,nlp,3.896045661273612,vlp,True,False,VLPSoftmax,CustomSilu,11.0,0.0,4.0,256.0,max,,,,,,,,,
NousResearch/Llama-2-7b-hf,nlp,3.896045661273612,vlp,True,False,VLPSoftmax,CustomSilu,11.0,1.0,4.0,256.0,max,,,,,,,,,
NousResearch/Llama-2-7b-hf,nlp,3.896045661273612,vlp,True,False,VLPSoftmax,CustomSilu,11.0,2.0,4.0,256.0,max,,,,,,,,,
NousResearch/Llama-2-7b-hf,nlp,3.896045661273612,vlp,True,False,VLPSoftmax,CustomSilu,11.0,3.0,4.0,256.0,max,,,,,,,,,
NousResearch/Llama-2-7b-hf,nlp,3.896045661273612,vlp,True,False,VLPSoftmax,CustomSilu,11.0,4.0,4.0,256.0,max,,,,,,,,,
NousResearch/Llama-2-7b-hf,nlp,3.896045661273612,vlp,True,False,VLPSoftmax,CustomSilu,12.0,-2.0,4.0,256.0,max,,,,,,,,,
NousResearch/Llama-2-7b-hf,nlp,3.896045661273612,vlp,True,False,VLPSoftmax,CustomSilu,12.0,-1.0,4.0,256.0,max,,,,,,,,,
NousResearch/Llama-2-7b-hf,nlp,3.896045661273612,vlp,True,False,VLPSoftmax,CustomSilu,12.0,0.0,4.0,256.0,max,,,,,,,,,
NousResearch/Llama-2-7b-hf,nlp,3.896045661273612,vlp,True,False,VLPSoftmax,CustomSilu,12.0,1.0,4.0,256.0,max,,,,,,,,,
NousResearch/Llama-2-7b-hf,nlp,3.896045661273612,vlp,True,False,VLPSoftmax,CustomSilu,12.0,2.0,4.0,256.0,max,,,,,,,,,
NousResearch/Llama-2-7b-hf,nlp,3.896045661273612,vlp,True,False,VLPSoftmax,CustomSilu,12.0,3.0,4.0,256.0,max,,,,,,,,,
NousResearch/Llama-2-7b-hf,nlp,3.896045661273612,vlp,True,False,VLPSoftmax,CustomSilu,12.0,4.0,4.0,256.0,max,,,,,,,,,
NousResearch/Llama-2-7b-hf,nlp,3.896045661273612,vlp,False,True,CustomSoftmax,VLPSilu,,,,,,8.0,-2.0,-4.0,256.0,max,,,,
NousResearch/Llama-2-7b-hf,nlp,3.896045661273612,vlp,False,True,CustomSoftmax,VLPSilu,,,,,,8.0,-1.0,-4.0,256.0,max,,,,
NousResearch/Llama-2-7b-hf,nlp,3.896045661273612,vlp,False,True,CustomSoftmax,VLPSilu,,,,,,8.0,0.0,-4.0,256.0,max,,,,
NousResearch/Llama-2-7b-hf,nlp,3.896045661273612,vlp,False,True,CustomSoftmax,VLPSilu,,,,,,8.0,1.0,-4.0,256.0,max,,,,
NousResearch/Llama-2-7b-hf,nlp,3.896045661273612,vlp,False,True,CustomSoftmax,VLPSilu,,,,,,8.0,2.0,-4.0,256.0,max,,,,
NousResearch/Llama-2-7b-hf,nlp,3.896045661273612,vlp,False,True,CustomSoftmax,VLPSilu,,,,,,8.0,3.0,-4.0,256.0,max,,,,
NousResearch/Llama-2-7b-hf,nlp,3.896045661273612,vlp,False,True,CustomSoftmax,VLPSilu,,,,,,8.0,4.0,-4.0,256.0,max,,,,
NousResearch/Llama-2-7b-hf,nlp,3.896045661273612,vlp,False,True,CustomSoftmax,VLPSilu,,,,,,9.0,-2.0,-4.0,256.0,max,,,,
NousResearch/Llama-2-7b-hf,nlp,3.896045661273612,vlp,False,True,CustomSoftmax,VLPSilu,,,,,,9.0,-1.0,-4.0,256.0,max,,,,
NousResearch/Llama-2-7b-hf,nlp,3.896045661273612,vlp,False,True,CustomSoftmax,VLPSilu,,,,,,9.0,0.0,-4.0,256.0,max,,,,
NousResearch/Llama-2-7b-hf,nlp,3.896045661273612,vlp,False,True,CustomSoftmax,VLPSilu,,,,,,9.0,1.0,-4.0,256.0,max,,,,
NousResearch/Llama-2-7b-hf,nlp,3.896045661273612,vlp,False,True,CustomSoftmax,VLPSilu,,,,,,9.0,2.0,-4.0,256.0,max,,,,
NousResearch/Llama-2-7b-hf,nlp,3.896045661273612,vlp,False,True,CustomSoftmax,VLPSilu,,,,,,9.0,3.0,-4.0,256.0,max,,,,
NousResearch/Llama-2-7b-hf,nlp,3.896045661273612,vlp,False,True,CustomSoftmax,VLPSilu,,,,,,9.0,4.0,-4.0,256.0,max,,,,
NousResearch/Llama-2-7b-hf,nlp,3.896045661273612,vlp,False,True,CustomSoftmax,VLPSilu,,,,,,10.0,-2.0,-4.0,256.0,max,,,,
NousResearch/Llama-2-7b-hf,nlp,3.896045661273612,vlp,False,True,CustomSoftmax,VLPSilu,,,,,,10.0,-1.0,-4.0,256.0,max,,,,
NousResearch/Llama-2-7b-hf,nlp,3.896045661273612,vlp,False,True,CustomSoftmax,VLPSilu,,,,,,10.0,0.0,-4.0,256.0,max,,,,
NousResearch/Llama-2-7b-hf,nlp,3.896045661273612,vlp,False,True,CustomSoftmax,VLPSilu,,,,,,10.0,1.0,-4.0,256.0,max,,,,
NousResearch/Llama-2-7b-hf,nlp,3.896045661273612,vlp,False,True,CustomSoftmax,VLPSilu,,,,,,10.0,2.0,-4.0,256.0,max,,,,
NousResearch/Llama-2-7b-hf,nlp,3.896045661273612,vlp,False,True,CustomSoftmax,VLPSilu,,,,,,10.0,3.0,-4.0,256.0,max,,,,
NousResearch/Llama-2-7b-hf,nlp,3.896045661273612,vlp,False,True,CustomSoftmax,VLPSilu,,,,,,10.0,4.0,-4.0,256.0,max,,,,
NousResearch/Llama-2-7b-hf,nlp,3.896045661273612,vlp,False,True,CustomSoftmax,VLPSilu,,,,,,11.0,-2.0,-4.0,256.0,max,,,,
NousResearch/Llama-2-7b-hf,nlp,3.896045661273612,vlp,False,True,CustomSoftmax,VLPSilu,,,,,,11.0,-1.0,-4.0,256.0,max,,,,
NousResearch/Llama-2-7b-hf,nlp,3.896045661273612,vlp,False,True,CustomSoftmax,VLPSilu,,,,,,11.0,0.0,-4.0,256.0,max,,,,
NousResearch/Llama-2-7b-hf,nlp,3.896045661273612,vlp,False,True,CustomSoftmax,VLPSilu,,,,,,11.0,1.0,-4.0,256.0,max,,,,
NousResearch/Llama-2-7b-hf,nlp,3.896045661273612,vlp,False,True,CustomSoftmax,VLPSilu,,,,,,11.0,2.0,-4.0,256.0,max,,,,
NousResearch/Llama-2-7b-hf,nlp,3.896045661273612,vlp,False,True,CustomSoftmax,VLPSilu,,,,,,11.0,3.0,-4.0,256.0,max,,,,
NousResearch/Llama-2-7b-hf,nlp,3.896045661273612,vlp,False,True,CustomSoftmax,VLPSilu,,,,,,11.0,4.0,-4.0,256.0,max,,,,
NousResearch/Llama-2-7b-hf,nlp,3.896045661273612,vlp,False,True,CustomSoftmax,VLPSilu,,,,,,12.0,-2.0,-4.0,256.0,max,,,,
NousResearch/Llama-2-7b-hf,nlp,3.896045661273612,vlp,False,True,CustomSoftmax,VLPSilu,,,,,,12.0,-1.0,-4.0,256.0,max,,,,
NousResearch/Llama-2-7b-hf,nlp,3.896045661273612,vlp,False,True,CustomSoftmax,VLPSilu,,,,,,12.0,0.0,-4.0,256.0,max,,,,
NousResearch/Llama-2-7b-hf,nlp,3.896045661273612,vlp,False,True,CustomSoftmax,VLPSilu,,,,,,12.0,1.0,-4.0,256.0,max,,,,
NousResearch/Llama-2-7b-hf,nlp,3.896045661273612,vlp,False,True,CustomSoftmax,VLPSilu,,,,,,12.0,2.0,-4.0,256.0,max,,,,
NousResearch/Llama-2-7b-hf,nlp,3.896045661273612,vlp,False,True,CustomSoftmax,VLPSilu,,,,,,12.0,3.0,-4.0,256.0,max,,,,
NousResearch/Llama-2-7b-hf,nlp,3.896045661273612,vlp,False,True,CustomSoftmax,VLPSilu,,,,,,12.0,4.0,-4.0,256.0,max,,,,
NousResearch/Llama-2-7b-hf,nlp,3.896045661273612,pwl,True,False,PWLSoftmax,CustomSilu,,,,,,,,,,,20.0,-16.0,,
NousResearch/Llama-2-7b-hf,nlp,3.896045661273612,pwl,True,False,PWLSoftmax,CustomSilu,,,,,,,,,,,20.0,-17.0,,
NousResearch/Llama-2-7b-hf,nlp,3.896045661273612,pwl,True,False,PWLSoftmax,CustomSilu,,,,,,,,,,,20.0,-18.0,,
NousResearch/Llama-2-7b-hf,nlp,3.896045661273612,pwl,True,False,PWLSoftmax,CustomSilu,,,,,,,,,,,20.0,-19.0,,
NousResearch/Llama-2-7b-hf,nlp,3.896045661273612,pwl,True,False,PWLSoftmax,CustomSilu,,,,,,,,,,,20.0,-20.0,,
NousResearch/Llama-2-7b-hf,nlp,3.896045661273612,pwl,True,False,PWLSoftmax,CustomSilu,,,,,,,,,,,20.0,-21.0,,
NousResearch/Llama-2-7b-hf,nlp,3.896045661273612,pwl,True,False,PWLSoftmax,CustomSilu,,,,,,,,,,,20.0,-22.0,,
NousResearch/Llama-2-7b-hf,nlp,3.896045661273612,pwl,True,False,PWLSoftmax,CustomSilu,,,,,,,,,,,20.0,-23.0,,
NousResearch/Llama-2-7b-hf,nlp,3.896045661273612,pwl,True,False,PWLSoftmax,CustomSilu,,,,,,,,,,,20.0,-24.0,,
NousResearch/Llama-2-7b-hf,nlp,3.896045661273612,pwl,True,False,PWLSoftmax,CustomSilu,,,,,,,,,,,21.0,-16.0,,
NousResearch/Llama-2-7b-hf,nlp,3.896045661273612,pwl,True,False,PWLSoftmax,CustomSilu,,,,,,,,,,,21.0,-17.0,,
NousResearch/Llama-2-7b-hf,nlp,3.896045661273612,pwl,True,False,PWLSoftmax,CustomSilu,,,,,,,,,,,21.0,-18.0,,
NousResearch/Llama-2-7b-hf,nlp,3.896045661273612,pwl,True,False,PWLSoftmax,CustomSilu,,,,,,,,,,,21.0,-19.0,,
NousResearch/Llama-2-7b-hf,nlp,3.896045661273612,pwl,True,False,PWLSoftmax,CustomSilu,,,,,,,,,,,21.0,-20.0,,
NousResearch/Llama-2-7b-hf,nlp,3.896045661273612,pwl,True,False,PWLSoftmax,CustomSilu,,,,,,,,,,,21.0,-21.0,,
NousResearch/Llama-2-7b-hf,nlp,3.896045661273612,pwl,True,False,PWLSoftmax,CustomSilu,,,,,,,,,,,21.0,-22.0,,
NousResearch/Llama-2-7b-hf,nlp,3.896045661273612,pwl,True,False,PWLSoftmax,CustomSilu,,,,,,,,,,,21.0,-23.0,,
NousResearch/Llama-2-7b-hf,nlp,3.896045661273612,pwl,True,False,PWLSoftmax,CustomSilu,,,,,,,,,,,21.0,-24.0,,
NousResearch/Llama-2-7b-hf,nlp,3.896045661273612,pwl,True,False,PWLSoftmax,CustomSilu,,,,,,,,,,,22.0,-16.0,,
NousResearch/Llama-2-7b-hf,nlp,3.896045661273612,pwl,True,False,PWLSoftmax,CustomSilu,,,,,,,,,,,22.0,-17.0,,
NousResearch/Llama-2-7b-hf,nlp,3.896045661273612,pwl,True,False,PWLSoftmax,CustomSilu,,,,,,,,,,,22.0,-18.0,,
NousResearch/Llama-2-7b-hf,nlp,3.896045661273612,pwl,True,False,PWLSoftmax,CustomSilu,,,,,,,,,,,22.0,-19.0,,
NousResearch/Llama-2-7b-hf,nlp,3.896045661273612,pwl,True,False,PWLSoftmax,CustomSilu,,,,,,,,,,,22.0,-20.0,,
NousResearch/Llama-2-7b-hf,nlp,3.896045661273612,pwl,True,False,PWLSoftmax,CustomSilu,,,,,,,,,,,22.0,-21.0,,
NousResearch/Llama-2-7b-hf,nlp,3.896045661273612,pwl,True,False,PWLSoftmax,CustomSilu,,,,,,,,,,,22.0,-22.0,,
NousResearch/Llama-2-7b-hf,nlp,3.896045661273612,pwl,True,False,PWLSoftmax,CustomSilu,,,,,,,,,,,22.0,-23.0,,
NousResearch/Llama-2-7b-hf,nlp,3.896045661273612,pwl,True,False,PWLSoftmax,CustomSilu,,,,,,,,,,,22.0,-24.0,,
NousResearch/Llama-2-7b-hf,nlp,3.896045661273612,pwl,True,False,PWLSoftmax,CustomSilu,,,,,,,,,,,23.0,-16.0,,
NousResearch/Llama-2-7b-hf,nlp,3.896045661273612,pwl,True,False,PWLSoftmax,CustomSilu,,,,,,,,,,,23.0,-17.0,,
NousResearch/Llama-2-7b-hf,nlp,3.896045661273612,pwl,True,False,PWLSoftmax,CustomSilu,,,,,,,,,,,23.0,-18.0,,
NousResearch/Llama-2-7b-hf,nlp,3.896045661273612,pwl,True,False,PWLSoftmax,CustomSilu,,,,,,,,,,,23.0,-19.0,,
NousResearch/Llama-2-7b-hf,nlp,3.896045661273612,pwl,True,False,PWLSoftmax,CustomSilu,,,,,,,,,,,23.0,-20.0,,
NousResearch/Llama-2-7b-hf,nlp,3.896045661273612,pwl,True,False,PWLSoftmax,CustomSilu,,,,,,,,,,,23.0,-21.0,,
NousResearch/Llama-2-7b-hf,nlp,3.896045661273612,pwl,True,False,PWLSoftmax,CustomSilu,,,,,,,,,,,23.0,-22.0,,
NousResearch/Llama-2-7b-hf,nlp,3.896045661273612,pwl,True,False,PWLSoftmax,CustomSilu,,,,,,,,,,,23.0,-23.0,,
NousResearch/Llama-2-7b-hf,nlp,3.896045661273612,pwl,True,False,PWLSoftmax,CustomSilu,,,,,,,,,,,23.0,-24.0,,
NousResearch/Llama-2-7b-hf,nlp,3.896045661273612,pwl,True,False,PWLSoftmax,CustomSilu,,,,,,,,,,,24.0,-16.0,,
NousResearch/Llama-2-7b-hf,nlp,3.896045661273612,pwl,True,False,PWLSoftmax,CustomSilu,,,,,,,,,,,24.0,-17.0,,
NousResearch/Llama-2-7b-hf,nlp,3.896045661273612,pwl,True,False,PWLSoftmax,CustomSilu,,,,,,,,,,,24.0,-18.0,,
NousResearch/Llama-2-7b-hf,nlp,3.896045661273612,pwl,True,False,PWLSoftmax,CustomSilu,,,,,,,,,,,24.0,-19.0,,
NousResearch/Llama-2-7b-hf,nlp,3.896045661273612,pwl,True,False,PWLSoftmax,CustomSilu,,,,,,,,,,,24.0,-20.0,,
NousResearch/Llama-2-7b-hf,nlp,3.896045661273612,pwl,True,False,PWLSoftmax,CustomSilu,,,,,,,,,,,24.0,-21.0,,
NousResearch/Llama-2-7b-hf,nlp,3.896045661273612,pwl,True,False,PWLSoftmax,CustomSilu,,,,,,,,,,,24.0,-22.0,,
NousResearch/Llama-2-7b-hf,nlp,3.896045661273612,pwl,True,False,PWLSoftmax,CustomSilu,,,,,,,,,,,24.0,-23.0,,
NousResearch/Llama-2-7b-hf,nlp,3.896045661273612,pwl,True,False,PWLSoftmax,CustomSilu,,,,,,,,,,,24.0,-24.0,,
NousResearch/Llama-2-7b-hf,nlp,3.896045661273612,pwl,True,False,PWLSoftmax,CustomSilu,,,,,,,,,,,25.0,-16.0,,
NousResearch/Llama-2-7b-hf,nlp,3.896045661273612,pwl,True,False,PWLSoftmax,CustomSilu,,,,,,,,,,,25.0,-17.0,,
NousResearch/Llama-2-7b-hf,nlp,3.896045661273612,pwl,True,False,PWLSoftmax,CustomSilu,,,,,,,,,,,25.0,-18.0,,
NousResearch/Llama-2-7b-hf,nlp,3.896045661273612,pwl,True,False,PWLSoftmax,CustomSilu,,,,,,,,,,,25.0,-19.0,,
NousResearch/Llama-2-7b-hf,nlp,3.896045661273612,pwl,True,False,PWLSoftmax,CustomSilu,,,,,,,,,,,25.0,-20.0,,
NousResearch/Llama-2-7b-hf,nlp,3.896045661273612,pwl,True,False,PWLSoftmax,CustomSilu,,,,,,,,,,,25.0,-21.0,,
NousResearch/Llama-2-7b-hf,nlp,3.896045661273612,pwl,True,False,PWLSoftmax,CustomSilu,,,,,,,,,,,25.0,-22.0,,
NousResearch/Llama-2-7b-hf,nlp,3.896045661273612,pwl,True,False,PWLSoftmax,CustomSilu,,,,,,,,,,,25.0,-23.0,,
NousResearch/Llama-2-7b-hf,nlp,3.896045661273612,pwl,True,False,PWLSoftmax,CustomSilu,,,,,,,,,,,25.0,-24.0,,
NousResearch/Llama-2-7b-hf,nlp,3.896045661273612,pwl,False,True,CustomSoftmax,PWLSilu,,,,,,,,,,,,,20.0,3.0
NousResearch/Llama-2-7b-hf,nlp,3.896045661273612,pwl,False,True,CustomSoftmax,PWLSilu,,,,,,,,,,,,,20.0,4.0
NousResearch/Llama-2-7b-hf,nlp,3.896045661273612,pwl,False,True,CustomSoftmax,PWLSilu,,,,,,,,,,,,,20.0,5.0
NousResearch/Llama-2-7b-hf,nlp,3.896045661273612,pwl,False,True,CustomSoftmax,PWLSilu,,,,,,,,,,,,,20.0,6.0
NousResearch/Llama-2-7b-hf,nlp,3.896045661273612,pwl,False,True,CustomSoftmax,PWLSilu,,,,,,,,,,,,,20.0,7.0
NousResearch/Llama-2-7b-hf,nlp,3.896045661273612,pwl,False,True,CustomSoftmax,PWLSilu,,,,,,,,,,,,,20.0,8.0
NousResearch/Llama-2-7b-hf,nlp,3.896045661273612,pwl,False,True,CustomSoftmax,PWLSilu,,,,,,,,,,,,,20.0,9.0
NousResearch/Llama-2-7b-hf,nlp,3.896045661273612,pwl,False,True,CustomSoftmax,PWLSilu,,,,,,,,,,,,,20.0,10.0
NousResearch/Llama-2-7b-hf,nlp,3.896045661273612,pwl,False,True,CustomSoftmax,PWLSilu,,,,,,,,,,,,,20.0,11.0
NousResearch/Llama-2-7b-hf,nlp,3.896045661273612,pwl,False,True,CustomSoftmax,PWLSilu,,,,,,,,,,,,,21.0,3.0
NousResearch/Llama-2-7b-hf,nlp,3.896045661273612,pwl,False,True,CustomSoftmax,PWLSilu,,,,,,,,,,,,,21.0,4.0
NousResearch/Llama-2-7b-hf,nlp,3.896045661273612,pwl,False,True,CustomSoftmax,PWLSilu,,,,,,,,,,,,,21.0,5.0
NousResearch/Llama-2-7b-hf,nlp,3.896045661273612,pwl,False,True,CustomSoftmax,PWLSilu,,,,,,,,,,,,,21.0,6.0
NousResearch/Llama-2-7b-hf,nlp,3.896045661273612,pwl,False,True,CustomSoftmax,PWLSilu,,,,,,,,,,,,,21.0,7.0
NousResearch/Llama-2-7b-hf,nlp,3.896045661273612,pwl,False,True,CustomSoftmax,PWLSilu,,,,,,,,,,,,,21.0,8.0
NousResearch/Llama-2-7b-hf,nlp,3.896045661273612,pwl,False,True,CustomSoftmax,PWLSilu,,,,,,,,,,,,,21.0,9.0
NousResearch/Llama-2-7b-hf,nlp,3.896045661273612,pwl,False,True,CustomSoftmax,PWLSilu,,,,,,,,,,,,,21.0,10.0
NousResearch/Llama-2-7b-hf,nlp,3.896045661273612,pwl,False,True,CustomSoftmax,PWLSilu,,,,,,,,,,,,,21.0,11.0
NousResearch/Llama-2-7b-hf,nlp,3.896045661273612,pwl,False,True,CustomSoftmax,PWLSilu,,,,,,,,,,,,,22.0,3.0
NousResearch/Llama-2-7b-hf,nlp,3.896045661273612,pwl,False,True,CustomSoftmax,PWLSilu,,,,,,,,,,,,,22.0,4.0
NousResearch/Llama-2-7b-hf,nlp,3.896045661273612,pwl,False,True,CustomSoftmax,PWLSilu,,,,,,,,,,,,,22.0,5.0
NousResearch/Llama-2-7b-hf,nlp,3.896045661273612,pwl,False,True,CustomSoftmax,PWLSilu,,,,,,,,,,,,,22.0,6.0
NousResearch/Llama-2-7b-hf,nlp,3.896045661273612,pwl,False,True,CustomSoftmax,PWLSilu,,,,,,,,,,,,,22.0,7.0
NousResearch/Llama-2-7b-hf,nlp,3.896045661273612,pwl,False,True,CustomSoftmax,PWLSilu,,,,,,,,,,,,,22.0,8.0
NousResearch/Llama-2-7b-hf,nlp,3.896045661273612,pwl,False,True,CustomSoftmax,PWLSilu,,,,,,,,,,,,,22.0,9.0
NousResearch/Llama-2-7b-hf,nlp,3.896045661273612,pwl,False,True,CustomSoftmax,PWLSilu,,,,,,,,,,,,,22.0,10.0
NousResearch/Llama-2-7b-hf,nlp,3.896045661273612,pwl,False,True,CustomSoftmax,PWLSilu,,,,,,,,,,,,,22.0,11.0
NousResearch/Llama-2-7b-hf,nlp,3.896045661273612,pwl,False,True,CustomSoftmax,PWLSilu,,,,,,,,,,,,,23.0,3.0
NousResearch/Llama-2-7b-hf,nlp,3.896045661273612,pwl,False,True,CustomSoftmax,PWLSilu,,,,,,,,,,,,,23.0,4.0
NousResearch/Llama-2-7b-hf,nlp,3.896045661273612,pwl,False,True,CustomSoftmax,PWLSilu,,,,,,,,,,,,,23.0,5.0
NousResearch/Llama-2-7b-hf,nlp,3.896045661273612,pwl,False,True,CustomSoftmax,PWLSilu,,,,,,,,,,,,,23.0,6.0
NousResearch/Llama-2-7b-hf,nlp,3.896045661273612,pwl,False,True,CustomSoftmax,PWLSilu,,,,,,,,,,,,,23.0,7.0
NousResearch/Llama-2-7b-hf,nlp,3.896045661273612,pwl,False,True,CustomSoftmax,PWLSilu,,,,,,,,,,,,,23.0,8.0
NousResearch/Llama-2-7b-hf,nlp,3.896045661273612,pwl,False,True,CustomSoftmax,PWLSilu,,,,,,,,,,,,,23.0,9.0
NousResearch/Llama-2-7b-hf,nlp,3.896045661273612,pwl,False,True,CustomSoftmax,PWLSilu,,,,,,,,,,,,,23.0,10.0
NousResearch/Llama-2-7b-hf,nlp,3.896045661273612,pwl,False,True,CustomSoftmax,PWLSilu,,,,,,,,,,,,,23.0,11.0
NousResearch/Llama-2-7b-hf,nlp,3.896045661273612,pwl,False,True,CustomSoftmax,PWLSilu,,,,,,,,,,,,,24.0,3.0
NousResearch/Llama-2-7b-hf,nlp,3.896045661273612,pwl,False,True,CustomSoftmax,PWLSilu,,,,,,,,,,,,,24.0,4.0
NousResearch/Llama-2-7b-hf,nlp,3.896045661273612,pwl,False,True,CustomSoftmax,PWLSilu,,,,,,,,,,,,,24.0,5.0
NousResearch/Llama-2-7b-hf,nlp,3.896045661273612,pwl,False,True,CustomSoftmax,PWLSilu,,,,,,,,,,,,,24.0,6.0
NousResearch/Llama-2-7b-hf,nlp,3.896045661273612,pwl,False,True,CustomSoftmax,PWLSilu,,,,,,,,,,,,,24.0,7.0
NousResearch/Llama-2-7b-hf,nlp,3.896045661273612,pwl,False,True,CustomSoftmax,PWLSilu,,,,,,,,,,,,,24.0,8.0
NousResearch/Llama-2-7b-hf,nlp,3.896045661273612,pwl,False,True,CustomSoftmax,PWLSilu,,,,,,,,,,,,,24.0,9.0
NousResearch/Llama-2-7b-hf,nlp,3.896045661273612,pwl,False,True,CustomSoftmax,PWLSilu,,,,,,,,,,,,,24.0,10.0
NousResearch/Llama-2-7b-hf,nlp,3.896045661273612,pwl,False,True,CustomSoftmax,PWLSilu,,,,,,,,,,,,,24.0,11.0
NousResearch/Llama-2-7b-hf,nlp,3.896045661273612,pwl,False,True,CustomSoftmax,PWLSilu,,,,,,,,,,,,,25.0,3.0
NousResearch/Llama-2-7b-hf,nlp,3.896045661273612,pwl,False,True,CustomSoftmax,PWLSilu,,,,,,,,,,,,,25.0,4.0
NousResearch/Llama-2-7b-hf,nlp,3.896045661273612,pwl,False,True,CustomSoftmax,PWLSilu,,,,,,,,,,,,,25.0,5.0
NousResearch/Llama-2-7b-hf,nlp,3.896045661273612,pwl,False,True,CustomSoftmax,PWLSilu,,,,,,,,,,,,,25.0,6.0
NousResearch/Llama-2-7b-hf,nlp,3.896045661273612,pwl,False,True,CustomSoftmax,PWLSilu,,,,,,,,,,,,,25.0,7.0
NousResearch/Llama-2-7b-hf,nlp,3.896045661273612,pwl,False,True,CustomSoftmax,PWLSilu,,,,,,,,,,,,,25.0,8.0
NousResearch/Llama-2-7b-hf,nlp,3.896045661273612,pwl,False,True,CustomSoftmax,PWLSilu,,,,,,,,,,,,,25.0,9.0
NousResearch/Llama-2-7b-hf,nlp,3.896045661273612,pwl,False,True,CustomSoftmax,PWLSilu,,,,,,,,,,,,,25.0,10.0
NousResearch/Llama-2-7b-hf,nlp,3.896045661273612,pwl,False,True,CustomSoftmax,PWLSilu,,,,,,,,,,,,,25.0,11.0
NousResearch/Llama-2-7b-hf,nlp,3.896045661273612,pwl_mobilenet,False,True,CustomSoftmax,PWLMobilenet,,,,,,,,,,,,,,
