pipeline,job_id,unit,start,loop_start,end,rc,gpus
ae,22557128,split_1_c1,1790737949,,1790737954,1,2
ae,22557129,split_1_c3,1790737949,,1790737954,1,2
ae,22557248,split_1_c1,1790738305,1790738372,1790738376,0,2
ae,22557249,split_1_c3,1790738394,1790738411,1790738470,0,2
ae,22557391,split_0_c1,1790738530,1790738546,1790738638,0,2
ae,22557394,split_0_c4,1790738652,1790738669,1790738740,0,2
ae,22557395,split_0_c5,1790738756,1790738773,1790738845,0,2
ae,22557397,split_1_c2,1790738810,1790738826,1790738892,0,2
ae,22557396,split_0_c6,1790738810,1790738826,1790738899,0,2
ae,22557398,split_1_c4,1790738862,1790738879,1790738964,0,2
ae,22557400,split_1_c6,1790738913,1790739051,1790739116,0,2
ae,22557399,split_1_c5,1790738904,1790739051,1790739117,0,2
ae,22557393,split_0_c3,1790738622,1790739051,1790739121,0,2
ae,22557392,split_0_c2,1790738622,1790739051,1790739141,0,2
ae,22557401,e2e,1790739159,1790739175,1790739184,0,2
newton,22557410,L01,1790738982,1790739051,1790739239,0,2
newton,22557410,L02,1790739240,1790739259,1790739446,0,2
newton,22557410,L03,1790739447,1790739465,1790739653,0,2
newton,22557410,L04,1790739654,1790739685,1790739873,0,2
newton,22557410,L05,1790739874,1790739895,1790740082,0,2
newton,22557410,L06,1790740083,1790740102,1790740289,0,2
newton,22557410,L07,1790740290,1790740308,1790740495,0,2
newton,22557411,L08,1790740529,1790740548,1790740735,0,2
newton,22557411,L09,1790740736,1790740770,1790740958,0,2
newton,22557411,L10,1790740959,1790740978,1790741165,0,2
newton,22557411,L11,1790741166,1790741202,1790741389,0,2
newton,22557411,L12,1790741390,1790741440,1790741627,0,2
newton,22557411,L13,1790741629,1790741647,1790741835,0,2
newton,22557411,L14,1790741836,1790741854,1790742042,0,2
newton,22557412,L15,1790742091,1790742108,1790742295,0,2
newton,22557412,L16,1790742296,1790742313,1790742501,0,2
newton,22557412,L17,1790742502,1790742520,1790742707,0,2
newton,22557412,L18,1790742709,1790742727,1790742914,0,2
newton,22557412,L19,1790742915,1790742976,1790743163,0,2
newton,22557412,L20,1790743164,1790743182,1790743369,0,2
newton,22557412,L21,1790743371,1790743389,1790743576,0,2
newton,22557413,L22,1790743776,1790743831,1790744019,0,2
newton,22557413,L23,1790744020,1790744038,1790744226,0,2
newton,22557413,L24,1790744227,1790744245,1790744433,0,2
newton,22557413,L25,1790744434,1790744506,1790744693,0,2
newton,22557413,L26,1790744694,1790744745,1790744933,0,2
newton,22557413,L27,1790744934,1790744952,1790745140,0,2
newton,22557413,L28,1790745142,1790745160,1790745348,0,2
newton,22557414,L29,1790748404,1790748473,1790748660,0,2
newton,22557414,L30,1790748662,1790748714,1790748901,0,2
newton,22557414,L31,1790748903,1790748936,1790749124,0,2
newton,22557414,L32,1790749125,1790749184,1790749371,0,2
