ppl,ppl_token_weighted,total_loss,num_batches,n_tokens,wall_s,gpu_s,apply_ms,assignment_hash,input_hash,peak_mem_cuda:0,peak_mem_cuda:1,prov_torch,prov_transformers,prov_python,prov_cuda,prov_n_devices,prov_function_name,prov_profiling,prov_model
3.8960453129400006,3.8960453129400006,5.439848065376282,4,32768,2.8209448428824544,2.8210205078125,0.0,baseline-unpatched,a7ffcf49b17fa3fa,15833866240,15766725120,2.8.0+cu128,4.56.1,3.11.13,12.8,2,vlp,off,NousResearch/Llama-2-7b-hf
4.731203917968714,4.731203917968714,6.216718792915344,4,32768,26.031116837169975,26.031205078125,5.491950083523989,a2cdd56dd1dfd360,a7ffcf49b17fa3fa,57702418944,57635277312,2.8.0+cu128,4.56.1,3.11.13,12.8,2,vlp,off,NousResearch/Llama-2-7b-hf
4.7076212728108295,4.7076212728108295,6.196730971336365,4,32768,25.9834162206389,25.983484375,5.763634108006954,89aba60c172c0b2f,a7ffcf49b17fa3fa,57702418944,57635277312,2.8.0+cu128,4.56.1,3.11.13,12.8,2,vlp,off,NousResearch/Llama-2-7b-hf
4.728190279694288,4.728190279694288,6.2141700983047485,4,32768,25.97068898472935,25.97073046875,4.968680907040834,201ec7dd5a16c733,a7ffcf49b17fa3fa,57702418944,57635277312,2.8.0+cu128,4.56.1,3.11.13,12.8,2,vlp,off,NousResearch/Llama-2-7b-hf
5.070192037260492,5.070192037260492,6.493514776229858,4,32768,25.960116922389716,25.96010546875,5.686602089554071,1b44061fde8fb425,a7ffcf49b17fa3fa,57702418432,57635277312,2.8.0+cu128,4.56.1,3.11.13,12.8,2,vlp,off,NousResearch/Llama-2-7b-hf
4.718313445259485,4.718313445259485,6.205805659294128,4,32768,26.13224476017058,26.132271484375,5.824503023177385,29aaaf8cf25bab1f,a7ffcf49b17fa3fa,57702418944,57635277312,2.8.0+cu128,4.56.1,3.11.13,12.8,2,vlp,off,NousResearch/Llama-2-7b-hf
4.560262863556664,4.560262863556664,6.069521069526672,4,32768,25.980798061937094,25.9808046875,5.774859804660082,9be97527b1dfbd30,a7ffcf49b17fa3fa,57702418944,57635277312,2.8.0+cu128,4.56.1,3.11.13,12.8,2,vlp,off,NousResearch/Llama-2-7b-hf
5.508769607110307,5.508769607110307,6.82536518573761,4,32768,25.98563287779689,25.985619140625,5.784851964563131,36a5bb3e6822be06,a7ffcf49b17fa3fa,57702418944,57635277312,2.8.0+cu128,4.56.1,3.11.13,12.8,2,vlp,off,NousResearch/Llama-2-7b-hf
4.960126234750734,4.960126234750734,6.405724763870239,4,32768,25.96771004376933,25.967705078125,5.645362660288811,ba041987ba5c832d,a7ffcf49b17fa3fa,57702418944,57635277312,2.8.0+cu128,4.56.1,3.11.13,12.8,2,vlp,off,NousResearch/Llama-2-7b-hf
4.527872883714766,4.527872883714766,6.041009068489075,4,32768,25.98863975191489,25.988615234375,5.641122814267874,bd18b615a0104964,a7ffcf49b17fa3fa,57702418944,57635277312,2.8.0+cu128,4.56.1,3.11.13,12.8,2,vlp,off,NousResearch/Llama-2-7b-hf
4.5504635456997615,4.5504635456997615,6.060916423797607,4,32768,25.984859633259475,25.98485546875,5.713928025215864,5e05879c19f43803,a7ffcf49b17fa3fa,57702418944,57635277312,2.8.0+cu128,4.56.1,3.11.13,12.8,2,vlp,off,NousResearch/Llama-2-7b-hf
4.528130628603784,4.528130628603784,6.041236758232117,4,32768,25.995165191125125,25.995140625,5.676013883203268,950666f301d2ef18,a7ffcf49b17fa3fa,57702418944,57635277312,2.8.0+cu128,4.56.1,3.11.13,12.8,2,vlp,off,NousResearch/Llama-2-7b-hf
4.5247998331972905,4.5247998331972905,6.038293361663818,4,32768,25.9981326200068,25.9981015625,5.6845759972929955,3135c21c45e7464e,a7ffcf49b17fa3fa,57702418944,57635277312,2.8.0+cu128,4.56.1,3.11.13,12.8,2,vlp,off,NousResearch/Llama-2-7b-hf
4.581704649638305,4.581704649638305,6.088284492492676,4,32768,25.984785547014326,25.984783203125,5.69861801341176,24a82ba7b0709b8c,a7ffcf49b17fa3fa,57702418944,57635277312,2.8.0+cu128,4.56.1,3.11.13,12.8,2,vlp,off,NousResearch/Llama-2-7b-hf
4.444835318386733,4.444835318386733,5.966971278190613,4,32768,25.98297750065103,25.982951171875,5.791106726974249,c846c1df25f62216,a7ffcf49b17fa3fa,57702418944,57635277312,2.8.0+cu128,4.56.1,3.11.13,12.8,2,vlp,off,NousResearch/Llama-2-7b-hf
4.570040653899599,4.570040653899599,6.078088402748108,4,32768,26.005872959736735,26.00587109375,5.104243755340576,03be04246581c456,a7ffcf49b17fa3fa,57702418944,57635277312,2.8.0+cu128,4.56.1,3.11.13,12.8,2,vlp,off,NousResearch/Llama-2-7b-hf
4.485253593749603,4.485253593749603,6.003180146217346,4,32768,25.96545703103766,25.965443359375,5.737486761063337,491488fe9e4b759a,a7ffcf49b17fa3fa,57702418944,57635277312,2.8.0+cu128,4.56.1,3.11.13,12.8,2,vlp,off,NousResearch/Llama-2-7b-hf
4.549164003066549,4.549164003066549,6.059773921966553,4,32768,25.996845583897084,25.9968125,5.77898882329464,ccd07cc325b245bb,a7ffcf49b17fa3fa,57702418944,57635277312,2.8.0+cu128,4.56.1,3.11.13,12.8,2,vlp,off,NousResearch/Llama-2-7b-hf
4.517733711423981,4.517733711423981,6.032041907310486,4,32768,26.0208904822357,26.020876953125,5.704911891371012,60558d0c5a1df337,a7ffcf49b17fa3fa,57702418944,57635277312,2.8.0+cu128,4.56.1,3.11.13,12.8,2,vlp,off,NousResearch/Llama-2-7b-hf
4.482298434116482,4.482298434116482,6.000543832778931,4,32768,25.995208375155926,25.995177734375,5.18988398835063,8882b8f66144a700,a7ffcf49b17fa3fa,57702418944,57635277312,2.8.0+cu128,4.56.1,3.11.13,12.8,2,vlp,off,NousResearch/Llama-2-7b-hf
4.495814250820267,4.495814250820267,6.012587189674377,4,32768,25.980893331114203,25.9808828125,5.547067616134882,8ca46511dd8c3433,a7ffcf49b17fa3fa,57702418944,57635277312,2.8.0+cu128,4.56.1,3.11.13,12.8,2,vlp,off,NousResearch/Llama-2-7b-hf
4.483693657475601,4.483693657475601,6.0017887353897095,4,32768,25.987258054781705,25.987228515625,5.804905202239752,090c401772a8b72b,a7ffcf49b17fa3fa,57702418944,57635277312,2.8.0+cu128,4.56.1,3.11.13,12.8,2,vlp,off,NousResearch/Llama-2-7b-hf
4.478497742644783,4.478497742644783,5.997150659561157,4,32768,25.982646374963224,25.982609375,5.36945927888155,9e66d31668cf5802,a7ffcf49b17fa3fa,57702418944,57635277312,2.8.0+cu128,4.56.1,3.11.13,12.8,2,vlp,off,NousResearch/Llama-2-7b-hf
4.4903690223318655,4.4903690223318655,6.007739543914795,4,32768,26.0353869847022,26.03538671875,5.675086751580238,7f51a516153777e0,a7ffcf49b17fa3fa,57702418944,57635277312,2.8.0+cu128,4.56.1,3.11.13,12.8,2,vlp,off,NousResearch/Llama-2-7b-hf
4.48144558842666,4.48144558842666,5.999782681465149,4,32768,25.977185893803835,25.977154296875,5.7074823416769505,bd77a4c1aa94d68d,a7ffcf49b17fa3fa,57702418944,57635277312,2.8.0+cu128,4.56.1,3.11.13,12.8,2,vlp,off,NousResearch/Llama-2-7b-hf
4.482324215690901,4.482324215690901,6.000566840171814,4,32768,25.979798479005694,25.9797890625,5.391207989305258,8869571a1e212047,a7ffcf49b17fa3fa,57702418944,57635277312,2.8.0+cu128,4.56.1,3.11.13,12.8,2,vlp,off,NousResearch/Llama-2-7b-hf
4.484286588512155,4.484286588512155,6.002317667007446,4,32768,25.98104243213311,25.981015625,5.725015886127949,0d4461092790b605,a7ffcf49b17fa3fa,57702418944,57635277312,2.8.0+cu128,4.56.1,3.11.13,12.8,2,vlp,off,NousResearch/Llama-2-7b-hf
4.4806208132979854,4.4806208132979854,5.999046444892883,4,32768,25.975894791074097,25.975859375,5.667109973728657,ddad2bd8ad8c0ce2,a7ffcf49b17fa3fa,57702418944,57635277312,2.8.0+cu128,4.56.1,3.11.13,12.8,2,vlp,off,NousResearch/Llama-2-7b-hf
4.491818296207834,4.491818296207834,6.009030342102051,4,32768,25.978217482101172,25.97820703125,5.87577186524868,0c104f35fda75bf6,a7ffcf49b17fa3fa,57702418944,57635277312,2.8.0+cu128,4.56.1,3.11.13,12.8,2,vlp,off,NousResearch/Llama-2-7b-hf
4.479585118265187,4.479585118265187,5.998121738433838,4,32768,25.984372491016984,25.98433984375,5.678918678313494,3f7e8803a2c3cc12,a7ffcf49b17fa3fa,57702418944,57635277312,2.8.0+cu128,4.56.1,3.11.13,12.8,2,vlp,off,NousResearch/Llama-2-7b-hf
4.479407697567815,4.479407697567815,5.997963309288025,4,32768,26.04814313771203,26.048134765625,5.503023974597454,7d00f0ef8c839f3f,a7ffcf49b17fa3fa,57702418944,57635277312,2.8.0+cu128,4.56.1,3.11.13,12.8,2,vlp,off,NousResearch/Llama-2-7b-hf
4.482122508885794,4.482122508885794,6.000386834144592,4,32768,25.967857461888343,25.967833984375,5.0956630147993565,17be37a31234f2e0,a7ffcf49b17fa3fa,57702418944,57635277312,2.8.0+cu128,4.56.1,3.11.13,12.8,2,vlp,off,NousResearch/Llama-2-7b-hf
4.4938661189077616,4.4938661189077616,6.01085352897644,4,32768,25.956307627260685,25.9562734375,5.707873962819576,f409aaf5a614099f,a7ffcf49b17fa3fa,57702418944,57635277312,2.8.0+cu128,4.56.1,3.11.13,12.8,2,vlp,off,NousResearch/Llama-2-7b-hf
4.479770823451809,4.479770823451809,5.998287558555603,4,32768,25.98400982422754,25.983998046875,5.5215549655258656,bb1bb29cfc89735d,a7ffcf49b17fa3fa,57702418944,57635277312,2.8.0+cu128,4.56.1,3.11.13,12.8,2,vlp,off,NousResearch/Llama-2-7b-hf
4.483047763246892,4.483047763246892,6.001212477684021,4,32768,25.992676716763526,25.992642578125,5.200345069169998,4e1fbd048d3223ce,a7ffcf49b17fa3fa,57702418944,57635277312,2.8.0+cu128,4.56.1,3.11.13,12.8,2,vlp,off,NousResearch/Llama-2-7b-hf
4.4792787415613535,4.4792787415613535,5.997848153114319,4,32768,26.00571653014049,26.00569921875,5.520523991435766,e6d2cfd82313584c,a7ffcf49b17fa3fa,57702418944,57635277312,2.8.0+cu128,4.56.1,3.11.13,12.8,2,vlp,off,NousResearch/Llama-2-7b-hf
4.488856135779322,4.488856135779322,6.006391644477844,4,32768,26.138624687679112,26.138591796875,5.529473070055246,e8b19068bac2d1cb,a7ffcf49b17fa3fa,57702418944,57635277312,2.8.0+cu128,4.56.1,3.11.13,12.8,2,vlp,off,NousResearch/Llama-2-7b-hf
4.476033903848766,4.476033903848766,5.994949460029602,4,32768,25.98311906401068,25.9830859375,5.634921137243509,7bcf7491a2f3410d,a7ffcf49b17fa3fa,57702418944,57635277312,2.8.0+cu128,4.56.1,3.11.13,12.8,2,vlp,off,NousResearch/Llama-2-7b-hf
4.4803813951943505,4.4803813951943505,5.998832702636719,4,32768,25.99721347214654,25.997201171875,5.651763174682856,1f19a775582368ee,a7ffcf49b17fa3fa,57702418944,57635277312,2.8.0+cu128,4.56.1,3.11.13,12.8,2,vlp,off,NousResearch/Llama-2-7b-hf
4.475591050355914,4.475591050355914,5.9945536851882935,4,32768,25.97358940402046,25.973556640625,5.744754336774349,6ee90895a3c2ed8b,a7ffcf49b17fa3fa,57702418944,57635277312,2.8.0+cu128,4.56.1,3.11.13,12.8,2,vlp,off,NousResearch/Llama-2-7b-hf
4.481036654062827,4.481036654062827,5.999417662620544,4,32768,25.960949080064893,25.960943359375,5.706071853637695,72d30b1bda2d1167,a7ffcf49b17fa3fa,57702418944,57635277312,2.8.0+cu128,4.56.1,3.11.13,12.8,2,vlp,off,NousResearch/Llama-2-7b-hf
4.47681407284157,4.47681407284157,5.995646595954895,4,32768,26.02675394527614,26.026720703125,5.659625865519047,87f1e6ef29aed050,a7ffcf49b17fa3fa,57702418944,57635277312,2.8.0+cu128,4.56.1,3.11.13,12.8,2,vlp,off,NousResearch/Llama-2-7b-hf
4.484653584885427,4.484653584885427,6.002645015716553,4,32768,25.977578293066472,25.977544921875,5.541754886507988,aaed5cd481af3f06,a7ffcf49b17fa3fa,57702418944,57635277312,2.8.0+cu128,4.56.1,3.11.13,12.8,2,vlp,off,NousResearch/Llama-2-7b-hf
4.476296301875792,4.476296301875792,5.995183944702148,4,32768,25.98960864590481,25.989599609375,5.563544109463692,350faf067e809b70,a7ffcf49b17fa3fa,57702418944,57635277312,2.8.0+cu128,4.56.1,3.11.13,12.8,2,vlp,off,NousResearch/Llama-2-7b-hf
4.480275510509342,4.480275510509342,5.998738169670105,4,32768,25.98306597582996,25.9830390625,5.612532142549753,60ed6b3ef9e3117c,a7ffcf49b17fa3fa,57702418944,57635277312,2.8.0+cu128,4.56.1,3.11.13,12.8,2,vlp,off,NousResearch/Llama-2-7b-hf
4.47686717410009,4.47686717410009,5.995694041252136,4,32768,25.98603162402287,25.98603515625,5.968701094388962,ea368e8c16121c42,a7ffcf49b17fa3fa,57702418944,57635277312,2.8.0+cu128,4.56.1,3.11.13,12.8,2,vlp,off,NousResearch/Llama-2-7b-hf
4.484567379469674,4.484567379469674,6.0025681257247925,4,32768,25.99810290383175,25.998083984375,6.017767824232578,65aa85e71e551048,a7ffcf49b17fa3fa,57702418944,57635277312,2.8.0+cu128,4.56.1,3.11.13,12.8,2,vlp,off,NousResearch/Llama-2-7b-hf
4.473711545005852,4.473711545005852,5.992873549461365,4,32768,25.970189237967134,25.970171875,5.75149105861783,a24cca42d5664a43,a7ffcf49b17fa3fa,57702418944,57635277312,2.8.0+cu128,4.56.1,3.11.13,12.8,2,vlp,off,NousResearch/Llama-2-7b-hf
4.483764612637967,4.483764612637967,6.001852035522461,4,32768,25.968017409089953,25.96799609375,5.708553828299046,ec404a44d9f40f6e,a7ffcf49b17fa3fa,57702418944,57635277312,2.8.0+cu128,4.56.1,3.11.13,12.8,2,vlp,off,NousResearch/Llama-2-7b-hf
4.47485136932739,4.47485136932739,5.993892550468445,4,32768,26.029080959036946,26.0290546875,5.886145867407322,cbc4b50adad21bde,a7ffcf49b17fa3fa,57702418944,57635277312,2.8.0+cu128,4.56.1,3.11.13,12.8,2,vlp,off,NousResearch/Llama-2-7b-hf
4.476266152667564,4.476266152667564,5.99515700340271,4,32768,25.99712473480031,25.997095703125,4.900169093161821,ce3979a2543010fb,a7ffcf49b17fa3fa,57702418944,57635277312,2.8.0+cu128,4.56.1,3.11.13,12.8,2,vlp,off,NousResearch/Llama-2-7b-hf
4.474903247042765,4.474903247042765,5.99393892288208,4,32768,25.992452355101705,25.99241796875,5.515621043741703,b5ef58cc5aac40b4,a7ffcf49b17fa3fa,57702418944,57635277312,2.8.0+cu128,4.56.1,3.11.13,12.8,2,vlp,off,NousResearch/Llama-2-7b-hf
4.481585158173057,4.481585158173057,5.9999072551727295,4,32768,25.980161024723202,25.980125,5.351705942302942,4fec6b011215df7a,a7ffcf49b17fa3fa,57702418944,57635277312,2.8.0+cu128,4.56.1,3.11.13,12.8,2,vlp,off,NousResearch/Llama-2-7b-hf
4.474703607819853,4.474703607819853,5.993760466575623,4,32768,25.976340948138386,25.976296875,5.270886700600386,da9f15f6918bba10,a7ffcf49b17fa3fa,57702418944,57635277312,2.8.0+cu128,4.56.1,3.11.13,12.8,2,vlp,off,NousResearch/Llama-2-7b-hf
4.477577430624936,4.477577430624936,5.996328592300415,4,32768,26.01060780789703,26.010568359375,5.20581379532814,d9043ee98ddfae61,a7ffcf49b17fa3fa,57702418944,57635277312,2.8.0+cu128,4.56.1,3.11.13,12.8,2,vlp,off,NousResearch/Llama-2-7b-hf
4.473619283677554,4.473619283677554,5.992791056632996,4,32768,25.98939324915409,25.9893515625,4.9132900312542915,756e40dc90090df5,a7ffcf49b17fa3fa,57702418944,57635277312,2.8.0+cu128,4.56.1,3.11.13,12.8,2,vlp,off,NousResearch/Llama-2-7b-hf
4.479373122042408,4.479373122042408,5.997932434082031,4,32768,25.95696669491008,25.9569296875,5.583011079579592,b43be4d73bfa523b,a7ffcf49b17fa3fa,57702418944,57635277312,2.8.0+cu128,4.56.1,3.11.13,12.8,2,vlp,off,NousResearch/Llama-2-7b-hf
4.474438636181626,4.474438636181626,5.993523597717285,4,32768,26.001330730039626,26.001296875,5.611313972622156,e13ed13ccdca0f5e,a7ffcf49b17fa3fa,57702418944,57635277312,2.8.0+cu128,4.56.1,3.11.13,12.8,2,vlp,off,NousResearch/Llama-2-7b-hf
4.478071594381097,4.478071594381097,5.996770024299622,4,32768,25.976474552880973,25.976443359375,4.926184192299843,71628de23939ff9a,a7ffcf49b17fa3fa,57702418944,57635277312,2.8.0+cu128,4.56.1,3.11.13,12.8,2,vlp,off,NousResearch/Llama-2-7b-hf
4.476131684335347,4.476131684335347,5.995036840438843,4,32768,25.97553685028106,25.9755,5.500307772308588,2ae32d1fb03c1e96,a7ffcf49b17fa3fa,57702418944,57635277312,2.8.0+cu128,4.56.1,3.11.13,12.8,2,vlp,off,NousResearch/Llama-2-7b-hf
4.482798329213106,4.482798329213106,6.00098991394043,4,32768,25.971631299704313,25.97159375,5.360923241823912,c128646e67499ed8,a7ffcf49b17fa3fa,57702418944,57635277312,2.8.0+cu128,4.56.1,3.11.13,12.8,2,vlp,off,NousResearch/Llama-2-7b-hf
4.473948873349555,4.473948873349555,5.993085741996765,4,32768,25.97693699412048,25.976896484375,4.814001265913248,f0611a669c8bebc7,a7ffcf49b17fa3fa,57702418944,57635277312,2.8.0+cu128,4.56.1,3.11.13,12.8,2,vlp,off,NousResearch/Llama-2-7b-hf
4.480402492315801,4.480402492315801,5.998851537704468,4,32768,25.979897198732942,25.979857421875,5.653670988976955,00089de822dd983e,a7ffcf49b17fa3fa,57702418944,57635277312,2.8.0+cu128,4.56.1,3.11.13,12.8,2,vlp,off,NousResearch/Llama-2-7b-hf
4.473110547290685,4.473110547290685,5.99233615398407,4,32768,25.97676613368094,25.976724609375,5.197749938815832,5e018cc8e164cd02,a7ffcf49b17fa3fa,57702418944,57635277312,2.8.0+cu128,4.56.1,3.11.13,12.8,2,vlp,off,NousResearch/Llama-2-7b-hf
4.479893919126505,4.479893919126505,5.998397469520569,4,32768,25.938851330894977,25.938814453125,4.936558660119772,32a659de285ae232,a7ffcf49b17fa3fa,57702418944,57635277312,2.8.0+cu128,4.56.1,3.11.13,12.8,2,vlp,off,NousResearch/Llama-2-7b-hf
4.473948873349555,4.473948873349555,5.993085741996765,4,32768,25.97853422537446,25.978501953125,5.671829916536808,f0611a669c8bebc7,a7ffcf49b17fa3fa,57702418944,57635277312,2.8.0+cu128,4.56.1,3.11.13,12.8,2,vlp,off,NousResearch/Llama-2-7b-hf
