layer,site,order,anchor,anchor_side,exp_dim,group_size,ppl,ppl_repeats,n_evals,diverged,accepted,is_seed,delta_vs_incumbent,wall_s,apply_ms,assignment_hash,paired_ci_low,paired_ci_high
0,attention,0,2,max,10,256,4.731203917968714,4.731203917968714,0,False,True,True,0.0,0.0,0.0,a2cdd56dd1dfd360,,
0,attention,1,1,max,10,256,4.7076212728108295,4.7076212728108295,1,False,False,False,0.023582645157884663,25.9834162206389,5.763634108006954,89aba60c172c0b2f,-0.01339389757647158,0.12140064687422747
0,attention,2,3,max,10,256,4.728190279694288,4.728190279694288,1,False,False,False,0.0030136382744263557,25.97068898472935,4.968680907040834,201ec7dd5a16c733,-0.001911330943058509,0.004707919055071841
1,attention,0,2,max,10,256,4.731203917968714,4.731203917968714,0,False,True,True,0.0,0.0,0.0,a2cdd56dd1dfd360,,
1,attention,1,1,max,10,256,5.070192037260492,5.070192037260492,1,False,False,False,-0.33898811929177786,25.960116922389716,5.686602089554071,1b44061fde8fb425,-0.5761016017941856,-0.19266104770493087
1,attention,2,3,max,10,256,4.718313445259485,4.718313445259485,1,False,True,False,0.012890472709229606,26.13224476017058,5.824503023177385,29aaaf8cf25bab1f,0.0020807815015682074,0.027939641194599574
2,attention,0,2,max,10,256,4.718313445259485,4.718313445259485,0,False,True,True,0.0,0.0,0.0,29aaaf8cf25bab1f,,
2,attention,1,1,max,10,256,4.560262863556664,4.560262863556664,1,False,True,False,0.15805058170282038,25.980798061937094,5.774859804660082,9be97527b1dfbd30,0.005619602658186285,0.3911489367505592
2,attention,2,3,max,10,256,5.508769607110307,5.508769607110307,1,False,False,False,-0.9485067435536427,25.98563287779689,5.784851964563131,36a5bb3e6822be06,-2.296290910526505,-0.3402283162235671
3,attention,0,2,max,10,256,4.560262863556664,4.560262863556664,0,False,True,True,0.0,0.0,0.0,9be97527b1dfbd30,,
3,attention,1,1,max,10,256,4.960126234750734,4.960126234750734,1,False,False,False,-0.39986337119407,25.96771004376933,5.645362660288811,ba041987ba5c832d,-0.6880446114500902,-0.20299030081165492
3,attention,2,3,max,10,256,4.527872883714766,4.527872883714766,1,False,True,False,0.03238997984189851,25.98863975191489,5.641122814267874,bd18b615a0104964,0.0008707791300737178,0.09327674928661
4,attention,0,2,max,10,256,4.527872883714766,4.527872883714766,0,False,True,True,0.0,0.0,0.0,bd18b615a0104964,,
4,attention,1,1,max,10,256,4.5504635456997615,4.5504635456997615,1,False,False,False,-0.02259066198499582,25.984859633259475,5.713928025215864,5e05879c19f43803,-0.04237750722238953,-0.007885701529005473
4,attention,2,3,max,10,256,4.528130628603784,4.528130628603784,1,False,False,False,-0.00025774488901841863,25.995165191125125,5.676013883203268,950666f301d2ef18,-0.005488822931662973,0.005172532729118551
5,attention,0,2,max,10,256,4.527872883714766,4.527872883714766,0,False,True,True,0.0,0.0,0.0,bd18b615a0104964,,
5,attention,1,1,max,10,256,4.5247998331972905,4.5247998331972905,1,False,False,False,0.0030730505174751954,25.9981326200068,5.6845759972929955,3135c21c45e7464e,-0.014119964180594469,0.03816770880667786
5,attention,2,3,max,10,256,4.581704649638305,4.581704649638305,1,False,False,False,-0.05383176592353944,25.984785547014326,5.69861801341176,24a82ba7b0709b8c,-0.14578000065768038,-0.015923364876889057
6,attention,0,2,max,10,256,4.527872883714766,4.527872883714766,0,False,True,True,0.0,0.0,0.0,bd18b615a0104964,,
6,attention,1,1,max,10,256,4.444835318386733,4.444835318386733,1,False,False,False,0.08303756532803241,25.98297750065103,5.791106726974249,c846c1df25f62216,-0.009314465437101127,0.23580437850957203
6,attention,2,3,max,10,256,4.570040653899599,4.570040653899599,1,False,False,False,-0.04216777018483331,26.005872959736735,5.104243755340576,03be04246581c456,-0.10894565143565416,-0.013783195003731485
7,attention,0,2,max,10,256,4.527872883714766,4.527872883714766,0,False,True,True,0.0,0.0,0.0,bd18b615a0104964,,
7,attention,1,1,max,10,256,4.485253593749603,4.485253593749603,1,False,True,False,0.04261928996516229,25.96545703103766,5.737486761063337,491488fe9e4b759a,0.00023517332464928487,0.09743862780550128
7,attention,2,3,max,10,256,4.549164003066549,4.549164003066549,1,False,False,False,-0.06391040931694558,25.996845583897084,5.77898882329464,ccd07cc325b245bb,-0.1368642963686595,-0.0075254908850985736
8,attention,0,2,max,10,256,4.485253593749603,4.485253593749603,0,False,True,True,0.0,0.0,0.0,491488fe9e4b759a,,
8,attention,1,1,max,10,256,4.517733711423981,4.517733711423981,1,False,False,False,-0.03248011767437742,26.0208904822357,5.704911891371012,60558d0c5a1df337,-0.06617226905264939,-0.014647026299035915
8,attention,2,3,max,10,256,4.482298434116482,4.482298434116482,1,False,False,False,0.002955159633120985,25.995208375155926,5.18988398835063,8882b8f66144a700,-0.00032136480435074333,0.0063363694436526785
9,attention,0,2,max,10,256,4.485253593749603,4.485253593749603,0,False,True,True,0.0,0.0,0.0,491488fe9e4b759a,,
9,attention,1,1,max,10,256,4.495814250820267,4.495814250820267,1,False,False,False,-0.01056065707066356,25.980893331114203,5.547067616134882,8ca46511dd8c3433,-0.029850532321949785,0.004361505240406238
9,attention,2,3,max,10,256,4.483693657475601,4.483693657475601,1,False,False,False,0.001559936274002638,25.987258054781705,5.804905202239752,090c401772a8b72b,-0.0008247026890955134,0.004575464157935194
10,attention,0,2,max,10,256,4.485253593749603,4.485253593749603,0,False,True,True,0.0,0.0,0.0,491488fe9e4b759a,,
10,attention,1,1,max,10,256,4.478497742644783,4.478497742644783,1,False,True,False,0.006755851104820465,25.982646374963224,5.36945927888155,9e66d31668cf5802,5.712585328376818e-05,0.024229273537679674
10,attention,2,3,max,10,256,4.4903690223318655,4.4903690223318655,1,False,False,False,-0.01187127968708257,26.0353869847022,5.675086751580238,7f51a516153777e0,-0.04380691525224023,-3.3950235423407804e-05
11,attention,0,2,max,10,256,4.478497742644783,4.478497742644783,0,False,True,True,0.0,0.0,0.0,9e66d31668cf5802,,
11,attention,1,1,max,10,256,4.48144558842666,4.48144558842666,1,False,False,False,-0.002947845781877234,25.977185893803835,5.7074823416769505,bd77a4c1aa94d68d,-0.011365339187144663,0.020348448587276913
11,attention,2,3,max,10,256,4.482324215690901,4.482324215690901,1,False,False,False,-0.0038264730461179397,25.979798479005694,5.391207989305258,8869571a1e212047,-0.011013824134134431,-0.0008906582851153644
12,attention,0,2,max,10,256,4.478497742644783,4.478497742644783,0,False,True,True,0.0,0.0,0.0,9e66d31668cf5802,,
12,attention,1,1,max,10,256,4.484286588512155,4.484286588512155,1,False,False,False,-0.005788845867371606,25.98104243213311,5.725015886127949,0d4461092790b605,-0.012202859642963304,-0.00041011718316408263
12,attention,2,3,max,10,256,4.4806208132979854,4.4806208132979854,1,False,False,False,-0.0021230706532024968,25.975894791074097,5.667109973728657,ddad2bd8ad8c0ce2,-0.00568503561398348,0.0006470529636457556
13,attention,0,2,max,10,256,4.478497742644783,4.478497742644783,0,False,True,True,0.0,0.0,0.0,9e66d31668cf5802,,
13,attention,1,1,max,10,256,4.491818296207834,4.491818296207834,1,False,False,False,-0.01332055356305073,25.978217482101172,5.87577186524868,0c104f35fda75bf6,-0.02103072057385269,-0.003909670266304843
13,attention,2,3,max,10,256,4.479585118265187,4.479585118265187,1,False,False,False,-0.001087375620404174,25.984372491016984,5.678918678313494,3f7e8803a2c3cc12,-0.00918226666078148,0.0030324190863160183
14,attention,0,2,max,10,256,4.478497742644783,4.478497742644783,0,False,True,True,0.0,0.0,0.0,9e66d31668cf5802,,
14,attention,1,1,max,10,256,4.479407697567815,4.479407697567815,1,False,False,False,-0.0009099549230322523,26.04814313771203,5.503023974597454,7d00f0ef8c839f3f,-0.00825184751182828,0.009448225721474302
14,attention,2,3,max,10,256,4.482122508885794,4.482122508885794,1,False,False,False,-0.003624766241011379,25.967857461888343,5.0956630147993565,17be37a31234f2e0,-0.007469479177824034,-0.0013658213824601084
15,attention,0,2,max,10,256,4.478497742644783,4.478497742644783,0,False,True,True,0.0,0.0,0.0,9e66d31668cf5802,,
15,attention,1,1,max,10,256,4.4938661189077616,4.4938661189077616,1,False,False,False,-0.0153683762629786,25.956307627260685,5.707873962819576,f409aaf5a614099f,-0.03568269818809355,-0.006441041035548434
15,attention,2,3,max,10,256,4.479770823451809,4.479770823451809,1,False,False,False,-0.0012730808070262611,25.98400982422754,5.5215549655258656,bb1bb29cfc89735d,-0.002578575104998926,-0.00040800184207867574
16,attention,0,2,max,10,256,4.478497742644783,4.478497742644783,0,False,True,True,0.0,0.0,0.0,9e66d31668cf5802,,
16,attention,1,1,max,10,256,4.483047763246892,4.483047763246892,1,False,False,False,-0.004550020602109406,25.992676716763526,5.200345069169998,4e1fbd048d3223ce,-0.0256656434035758,0.012084821457425399
16,attention,2,3,max,10,256,4.4792787415613535,4.4792787415613535,1,False,False,False,-0.0007809989165705744,26.00571653014049,5.520523991435766,e6d2cfd82313584c,-0.004151095465601884,0.0017676171921472417
17,attention,0,2,max,10,256,4.478497742644783,4.478497742644783,0,False,True,True,0.0,0.0,0.0,9e66d31668cf5802,,
17,attention,1,1,max,10,256,4.488856135779322,4.488856135779322,1,False,False,False,-0.010358393134539234,26.138624687679112,5.529473070055246,e8b19068bac2d1cb,-0.018854821110765307,-0.004500234607623277
17,attention,2,3,max,10,256,4.476033903848766,4.476033903848766,1,False,True,False,0.0024638387960171926,25.98311906401068,5.634921137243509,7bcf7491a2f3410d,0.0006522847733618775,0.005192341979671333
18,attention,0,2,max,10,256,4.476033903848766,4.476033903848766,0,False,True,True,0.0,0.0,0.0,7bcf7491a2f3410d,,
18,attention,1,1,max,10,256,4.4803813951943505,4.4803813951943505,1,False,False,False,-0.004347491345584764,25.99721347214654,5.651763174682856,1f19a775582368ee,-0.010149837823492547,0.0011281341017408408
18,attention,2,3,max,10,256,4.475591050355914,4.475591050355914,1,False,False,False,0.00044285349285200226,25.97358940402046,5.744754336774349,6ee90895a3c2ed8b,-0.00020363256618605163,0.0008513750827883193
19,attention,0,2,max,10,256,4.476033903848766,4.476033903848766,0,False,True,True,0.0,0.0,0.0,7bcf7491a2f3410d,,
19,attention,1,1,max,10,256,4.481036654062827,4.481036654062827,1,False,False,False,-0.005002750214060825,25.960949080064893,5.706071853637695,72d30b1bda2d1167,-0.014244114076618963,0.0019399947354052927
19,attention,2,3,max,10,256,4.47681407284157,4.47681407284157,1,False,False,False,-0.0007801689928044198,26.02675394527614,5.659625865519047,87f1e6ef29aed050,-0.004818510545891996,0.002276385276981152
20,attention,0,2,max,10,256,4.476033903848766,4.476033903848766,0,False,True,True,0.0,0.0,0.0,7bcf7491a2f3410d,,
20,attention,1,1,max,10,256,4.484653584885427,4.484653584885427,1,False,False,False,-0.00861968103666122,25.977578293066472,5.541754886507988,aaed5cd481af3f06,-0.017991037541605692,-0.0027518330320379647
20,attention,2,3,max,10,256,4.476296301875792,4.476296301875792,1,False,False,False,-0.0002623980270266557,25.98960864590481,5.563544109463692,350faf067e809b70,-0.001738397247942558,0.0012248197030668706
21,attention,0,2,max,10,256,4.476033903848766,4.476033903848766,0,False,True,True,0.0,0.0,0.0,7bcf7491a2f3410d,,
21,attention,1,1,max,10,256,4.480275510509342,4.480275510509342,1,False,False,False,-0.00424160666057638,25.98306597582996,5.612532142549753,60ed6b3ef9e3117c,-0.01094364448855245,0.0009980009023937697
21,attention,2,3,max,10,256,4.47686717410009,4.47686717410009,1,False,False,False,-0.0008332702513245138,25.98603162402287,5.968701094388962,ea368e8c16121c42,-0.00138833127217719,-0.00015534696413421756
22,attention,0,2,max,10,256,4.476033903848766,4.476033903848766,0,False,True,True,0.0,0.0,0.0,7bcf7491a2f3410d,,
22,attention,1,1,max,10,256,4.484567379469674,4.484567379469674,1,False,False,False,-0.008533475620907893,25.99810290383175,6.017767824232578,65aa85e71e551048,-0.014414680346336972,-0.0032824581421211363
22,attention,2,3,max,10,256,4.473711545005852,4.473711545005852,1,False,False,False,0.002322358842913985,25.970189237967134,5.75149105861783,a24cca42d5664a43,-2.5815865710043795e-05,0.005247304041566814
23,attention,0,2,max,10,256,4.476033903848766,4.476033903848766,0,False,True,True,0.0,0.0,0.0,7bcf7491a2f3410d,,
23,attention,1,1,max,10,256,4.483764612637967,4.483764612637967,1,False,False,False,-0.007730708789201124,25.968017409089953,5.708553828299046,ec404a44d9f40f6e,-0.015354748045586675,-0.0027329257315789057
23,attention,2,3,max,10,256,4.47485136932739,4.47485136932739,1,False,True,False,0.0011825345213756222,26.029080959036946,5.886145867407322,cbc4b50adad21bde,0.00034062577158078255,0.0021696388196277283
24,attention,0,2,max,10,256,4.47485136932739,4.47485136932739,0,False,True,True,0.0,0.0,0.0,cbc4b50adad21bde,,
24,attention,1,1,max,10,256,4.476266152667564,4.476266152667564,1,False,False,False,-0.001414783340173642,25.99712473480031,4.900169093161821,ce3979a2543010fb,-0.003982219139163412,0.0019467525758400939
24,attention,2,3,max,10,256,4.474903247042765,4.474903247042765,1,False,False,False,-5.1877715375070466e-05,25.992452355101705,5.515621043741703,b5ef58cc5aac40b4,-0.0010514867108168957,0.0003153068680523674
25,attention,0,2,max,10,256,4.47485136932739,4.47485136932739,0,False,True,True,0.0,0.0,0.0,cbc4b50adad21bde,,
25,attention,1,1,max,10,256,4.481585158173057,4.481585158173057,1,False,False,False,-0.006733788845666666,25.980161024723202,5.351705942302942,4fec6b011215df7a,-0.01218847499418807,-0.002966467544770257
25,attention,2,3,max,10,256,4.474703607819853,4.474703607819853,1,False,False,False,0.00014776150753714745,25.976340948138386,5.270886700600386,da9f15f6918bba10,-0.0010613091029663124,0.0010537219278186072
26,attention,0,2,max,10,256,4.47485136932739,4.47485136932739,0,False,True,True,0.0,0.0,0.0,cbc4b50adad21bde,,
26,attention,1,1,max,10,256,4.477577430624936,4.477577430624936,1,False,False,False,-0.002726061297545712,26.01060780789703,5.20581379532814,d9043ee98ddfae61,-0.00511707835153441,-0.0017003819397718445
26,attention,2,3,max,10,256,4.473619283677554,4.473619283677554,1,False,False,False,0.0012320856498364563,25.98939324915409,4.9132900312542915,756e40dc90090df5,-0.0009909890627293194,0.004359737154691068
27,attention,0,2,max,10,256,4.47485136932739,4.47485136932739,0,False,True,True,0.0,0.0,0.0,cbc4b50adad21bde,,
27,attention,1,1,max,10,256,4.479373122042408,4.479373122042408,1,False,False,False,-0.004521752715017868,25.95696669491008,5.583011079579592,b43be4d73bfa523b,-0.009413471941809526,-0.0007541044640175798
27,attention,2,3,max,10,256,4.474438636181626,4.474438636181626,1,False,False,False,0.000412733145764399,26.001330730039626,5.611313972622156,e13ed13ccdca0f5e,-0.0004402158940317591,0.0014984912137148143
28,attention,0,2,max,10,256,4.47485136932739,4.47485136932739,0,False,True,True,0.0,0.0,0.0,cbc4b50adad21bde,,
28,attention,1,1,max,10,256,4.478071594381097,4.478071594381097,1,False,False,False,-0.0032202250537070043,25.976474552880973,4.926184192299843,71628de23939ff9a,-0.011438395071968976,0.0021867201017018445
28,attention,2,3,max,10,256,4.476131684335347,4.476131684335347,1,False,False,False,-0.0012803150079570003,25.97553685028106,5.500307772308588,2ae32d1fb03c1e96,-0.0020005468944397364,-0.0006750872132874619
29,attention,0,2,max,10,256,4.47485136932739,4.47485136932739,0,False,True,True,0.0,0.0,0.0,cbc4b50adad21bde,,
29,attention,1,1,max,10,256,4.482798329213106,4.482798329213106,1,False,False,False,-0.007946959885716254,25.971631299704313,5.360923241823912,c128646e67499ed8,-0.01307641979077534,-0.004340187409622942
29,attention,2,3,max,10,256,4.473948873349555,4.473948873349555,1,False,True,False,0.0009024959778347608,25.97693699412048,4.814001265913248,f0611a669c8bebc7,0.000358025611921331,0.0016947445017887475
30,attention,0,2,max,10,256,4.473948873349555,4.473948873349555,0,False,True,True,0.0,0.0,0.0,f0611a669c8bebc7,,
30,attention,1,1,max,10,256,4.480402492315801,4.480402492315801,1,False,False,False,-0.006453618966245855,25.979897198732942,5.653670988976955,00089de822dd983e,-0.01289503789663371,-0.0020640007781129732
30,attention,2,3,max,10,256,4.473110547290685,4.473110547290685,1,False,False,False,0.0008383260588704644,25.97676613368094,5.197749938815832,5e018cc8e164cd02,-0.00018518904838416006,0.001835550446036116
31,attention,0,2,max,10,256,4.473948873349555,4.473948873349555,0,False,True,True,0.0,0.0,0.0,f0611a669c8bebc7,,
31,attention,1,1,max,10,256,4.479893919126505,4.479893919126505,1,False,False,False,-0.0059450457769498755,25.938851330894977,4.936558660119772,32a659de285ae232,-0.011052249087689425,-0.002331781190184401
